p0	p1	p2	s0	s1	s2	s3	s4	s5	s6	s7	s8	s9	s10	s11	s12	s13	s14	s15	s16	s17	s18	s19	s20	s21	s22	s23	s24	s25	s26	s27	s28	s29	s30	s31	s32	s33	s34	s35	s36	s37	s38	s39	s40	s41	s42	s43	s44	s45	s46	s47	s48	s49	s50	s51	s52	s53	s54	s55	s56	s57	s58	s59	s60	s61	s62	s63	s64	s65	s66	s67	s68	s69	s70	s71	s72	s73	s74	s75	s76	s77	s78	s79	s80	s81	s82	s83	s84	s85	s86	s87	s88	s89	s90	s91	s92	s93	s94	s95	s96	s97	s98	s99	s100	s101	s102	s103	s104	s105	s106	s107	s108	s109	s110	s111	s112	s113	s114	s115	s116	s117	s118	s119	s120	s121	s122	s123	s124	s125	s126	s127	s128	s129	s130	s131	s132	s133	s134	s135	s136	s137	s138	s139	s140	s141	s142	s143	s144	s145	s146	s147	s148	s149	s150	s151	s152	s153	s154	s155	s156	s157	s158	s159	s160	s161	s162	s163	s164	s165	s166	s167	s168	s169	s170	s171	s172	s173	s174	s175	s176	s177	s178	s179	s180	s181	s182	s183	s184	s185	s186	s187	s188	s189	s190	s191	s192	s193	s194	s195	s196	s197	s198	s199	s200	s201	s202	s203	s204	s205	s206	s207	s208	s209	s210	s211	s212	s213	s214	s215	s216	s217	s218	s219	s220	s221	s222	s223	s224	s225	s226	s227	s228	s229	s230	s231	s232	s233	s234	s235	s236	s237	s238	s239	s240	s241	s242	s243	s244	s245	s246	s247	s248	s249	s250	s251	s252	s253	s254	s255	s256	s257	s258	s259	s260	s261	s262	s263	s264	s265	s266	s267	s268	s269	s270	s271	s272	s273	s274	s275	s276	s277	s278	s279	s280	s281	s282	s283	s284	s285	s286	s287	s288	s289	s290	s291	s292	s293	s294	s295	s296	s297	s298	s299	s300	s301	s302	s303	s304	s305	s306	s307	s308	s309	s310	s311	s312	s313	s314	s315	s316	s317	s318	s319	s320	s321	s322	s323	s324	s325	s326	s327	s328	s329	s330	s331	s332	s333	s334	s335	s336	s337	s338	s339	s340	s341	s342	s343	s344	s345	s346	s347	s348	s349	s350	s351	s352	s353	s354	s355	s356	s357	s358	s359	s360	s361	s362	s363	s364	s365	s366	s367	s368	s369	s370	s371	s372	s373	s374	s375	s376	s377	s378	s379	s380	s381	s382	s383	s384	s385	s386	s387	s388	s389	s390	s391	s392	s393	s394	s395	s396	s397	s398	s399	s400	s401	s402	s403	s404	s405	s406	s407	s408	s409	s410	s411	s412	s413	s414	s415	s416	s417	s418	s419	
			*CCC	Max	Align
ape-taba$$$p0$s0	apetaba	0	0	0	1
	aptaba	1	0	1	0
ape-ttaba$$$p0$s1	apettaba	1	0	0	1
	apttaba	0	1	1	0
ape-saba$$$p0$s2	apesaba	0	0	0	1
	apsaba	1	0	1	0
ape-tsaba$$$p0$s3	apetsaba	1	0	0	1
	aptsaba	0	1	1	0
ape-naba$$$p0$s4	apenaba	0	0	0	1
	apnaba	1	0	1	0
ape-tnaba$$$p0$s5	apetnaba	1	0	0	1
	aptnaba	0	1	1	0
ape-laba$$$p0$s6	apelaba	0	0	0	1
	aplaba	1	0	1	0
ape-tlaba$$$p0$s7	apetlaba	1	0	0	1
	aptlaba	0	1	1	0
ape-raba$$$p0$s8	aperaba	0	0	0	1
	apraba	1	0	1	0
ape-traba$$$p0$s9	apetraba	1	0	0	1
	aptraba	0	1	1	0
ape-vaba$$$p0$s10	apevaba	0	0	0	1
	apvaba	1	0	1	0
ape-tvaba$$$p0$s11	apetvaba	1	0	0	1
	aptvaba	0	1	1	0
ape-staba$$$p0$s12	apestaba	1	0	0	1
	apstaba	0	1	1	0
ape-ssaba$$$p0$s13	apessaba	1	0	0	1
	apssaba	0	1	1	0
ape-snaba$$$p0$s14	apesnaba	1	0	0	1
	apsnaba	0	1	1	0
ape-slaba$$$p0$s15	apeslaba	1	0	0	1
	apslaba	0	1	1	0
ape-sraba$$$p0$s16	apesraba	1	0	0	1
	apsraba	0	1	1	0
ape-svaba$$$p0$s17	apesvaba	1	0	0	1
	apsvaba	0	1	1	0
ape-ntaba$$$p0$s18	apentaba	1	0	0	1
	apntaba	0	1	1	0
ape-nsaba$$$p0$s19	apensaba	1	0	0	1
	apnsaba	0	1	1	0
ape-nnaba$$$p0$s20	apennaba	1	0	0	1
	apnnaba	0	1	1	0
ape-nlaba$$$p0$s21	apenlaba	1	0	0	1
	apnlaba	0	1	1	0
ape-nraba$$$p0$s22	apenraba	1	0	0	1
	apnraba	0	1	1	0
ape-nvaba$$$p0$s23	apenvaba	1	0	0	1
	apnvaba	0	1	1	0
ape-ltaba$$$p0$s24	apeltaba	1	0	0	1
	apltaba	0	1	1	0
ape-lsaba$$$p0$s25	apelsaba	1	0	0	1
	aplsaba	0	1	1	0
ape-lnaba$$$p0$s26	apelnaba	1	0	0	1
	aplnaba	0	1	1	0
ape-llaba$$$p0$s27	apellaba	1	0	0	1
	apllaba	0	1	1	0
ape-lraba$$$p0$s28	apelraba	1	0	0	1
	aplraba	0	1	1	0
ape-lvaba$$$p0$s29	apelvaba	1	0	0	1
	aplvaba	0	1	1	0
ape-rtaba$$$p0$s30	apertaba	1	0	0	1
	aprtaba	0	1	1	0
ape-rsaba$$$p0$s31	apersaba	1	0	0	1
	aprsaba	0	1	1	0
ape-rnaba$$$p0$s32	apernaba	1	0	0	1
	aprnaba	0	1	1	0
ape-rlaba$$$p0$s33	aperlaba	1	0	0	1
	aprlaba	0	1	1	0
ape-rraba$$$p0$s34	aperraba	1	0	0	1
	aprraba	0	1	1	0
ape-rvaba$$$p0$s35	apervaba	1	0	0	1
	aprvaba	0	1	1	0
ape-vtaba$$$p0$s36	apevtaba	1	0	0	1
	apvtaba	0	1	1	0
ape-vsaba$$$p0$s37	apevsaba	1	0	0	1
	apvsaba	0	1	1	0
ape-vnaba$$$p0$s38	apevnaba	1	0	0	1
	apvnaba	0	1	1	0
ape-vlaba$$$p0$s39	apevlaba	1	0	0	1
	apvlaba	0	1	1	0
ape-vraba$$$p0$s40	apevraba	1	0	0	1
	apvraba	0	1	1	0
ape-vvaba$$$p0$s41	apevvaba	1	0	0	1
	apvvaba	0	1	1	0
ape-taba$$$p0$s42	apetaba	0	0	0	1
	aptaba	1	0	1	0
ape-ttaba$$$p0$s43	apettaba	1	0	0	1
	apttaba	0	1	1	0
ape-saba$$$p0$s44	apesaba	0	0	0	1
	apsaba	1	0	1	0
ape-tsaba$$$p0$s45	apetsaba	1	0	0	1
	aptsaba	0	1	1	0
ape-naba$$$p0$s46	apenaba	0	0	0	1
	apnaba	1	0	1	0
ape-tnaba$$$p0$s47	apetnaba	1	0	0	1
	aptnaba	0	1	1	0
ape-laba$$$p0$s48	apelaba	0	0	0	1
	aplaba	1	0	1	0
ape-tlaba$$$p0$s49	apetlaba	1	0	0	1
	aptlaba	0	1	1	0
ape-raba$$$p0$s50	aperaba	0	0	0	1
	apraba	1	0	1	0
ape-traba$$$p0$s51	apetraba	1	0	0	1
	aptraba	0	1	1	0
ape-vaba$$$p0$s52	apevaba	0	0	0	1
	apvaba	1	0	1	0
ape-tvaba$$$p0$s53	apetvaba	1	0	0	1
	aptvaba	0	1	1	0
ape-staba$$$p0$s54	apestaba	1	0	0	1
	apstaba	0	1	1	0
ape-ssaba$$$p0$s55	apessaba	1	0	0	1
	apssaba	0	1	1	0
ape-snaba$$$p0$s56	apesnaba	1	0	0	1
	apsnaba	0	1	1	0
ape-slaba$$$p0$s57	apeslaba	1	0	0	1
	apslaba	0	1	1	0
ape-sraba$$$p0$s58	apesraba	1	0	0	1
	apsraba	0	1	1	0
ape-svaba$$$p0$s59	apesvaba	1	0	0	1
	apsvaba	0	1	1	0
ape-ntaba$$$p0$s60	apentaba	1	0	0	1
	apntaba	0	1	1	0
ape-nsaba$$$p0$s61	apensaba	1	0	0	1
	apnsaba	0	1	1	0
ape-nnaba$$$p0$s62	apennaba	1	0	0	1
	apnnaba	0	1	1	0
ape-nlaba$$$p0$s63	apenlaba	1	0	0	1
	apnlaba	0	1	1	0
ape-nraba$$$p0$s64	apenraba	1	0	0	1
	apnraba	0	1	1	0
ape-nvaba$$$p0$s65	apenvaba	1	0	0	1
	apnvaba	0	1	1	0
ape-ltaba$$$p0$s66	apeltaba	1	0	0	1
	apltaba	0	1	1	0
ape-lsaba$$$p0$s67	apelsaba	1	0	0	1
	aplsaba	0	1	1	0
ape-lnaba$$$p0$s68	apelnaba	1	0	0	1
	aplnaba	0	1	1	0
ape-llaba$$$p0$s69	apellaba	1	0	0	1
	apllaba	0	1	1	0
ape-lraba$$$p0$s70	apelraba	1	0	0	1
	aplraba	0	1	1	0
ape-lvaba$$$p0$s71	apelvaba	1	0	0	1
	aplvaba	0	1	1	0
ape-rtaba$$$p0$s72	apertaba	1	0	0	1
	aprtaba	0	1	1	0
ape-rsaba$$$p0$s73	apersaba	1	0	0	1
	aprsaba	0	1	1	0
ape-rnaba$$$p0$s74	apernaba	1	0	0	1
	aprnaba	0	1	1	0
ape-rlaba$$$p0$s75	aperlaba	1	0	0	1
	aprlaba	0	1	1	0
ape-rraba$$$p0$s76	aperraba	1	0	0	1
	aprraba	0	1	1	0
ape-rvaba$$$p0$s77	apervaba	1	0	0	1
	aprvaba	0	1	1	0
ape-vtaba$$$p0$s78	apevtaba	1	0	0	1
	apvtaba	0	1	1	0
ape-vsaba$$$p0$s79	apevsaba	1	0	0	1
	apvsaba	0	1	1	0
ape-vnaba$$$p0$s80	apevnaba	1	0	0	1
	apvnaba	0	1	1	0
ape-vlaba$$$p0$s81	apevlaba	1	0	0	1
	apvlaba	0	1	1	0
ape-vraba$$$p0$s82	apevraba	1	0	0	1
	apvraba	0	1	1	0
ape-vvaba$$$p0$s83	apevvaba	1	0	0	1
	apvvaba	0	1	1	0
ape-taba$$$p0$s84	apetaba	0	0	0	1
	aptaba	1	0	1	0
ape-ttaba$$$p0$s85	apettaba	1	0	0	1
	apttaba	0	1	1	0
ape-saba$$$p0$s86	apesaba	0	0	0	1
	apsaba	1	0	1	0
ape-tsaba$$$p0$s87	apetsaba	1	0	0	1
	aptsaba	0	1	1	0
ape-naba$$$p0$s88	apenaba	0	0	0	1
	apnaba	1	0	1	0
ape-tnaba$$$p0$s89	apetnaba	1	0	0	1
	aptnaba	0	1	1	0
ape-laba$$$p0$s90	apelaba	0	0	0	1
	aplaba	1	0	1	0
ape-tlaba$$$p0$s91	apetlaba	1	0	0	1
	aptlaba	0	1	1	0
ape-raba$$$p0$s92	aperaba	0	0	0	1
	apraba	1	0	1	0
ape-traba$$$p0$s93	apetraba	1	0	0	1
	aptraba	0	1	1	0
ape-vaba$$$p0$s94	apevaba	0	0	0	1
	apvaba	1	0	1	0
ape-tvaba$$$p0$s95	apetvaba	1	0	0	1
	aptvaba	0	1	1	0
ape-staba$$$p0$s96	apestaba	1	0	0	1
	apstaba	0	1	1	0
ape-ssaba$$$p0$s97	apessaba	1	0	0	1
	apssaba	0	1	1	0
ape-snaba$$$p0$s98	apesnaba	1	0	0	1
	apsnaba	0	1	1	0
ape-slaba$$$p0$s99	apeslaba	1	0	0	1
	apslaba	0	1	1	0
ape-sraba$$$p0$s100	apesraba	1	0	0	1
	apsraba	0	1	1	0
ape-svaba$$$p0$s101	apesvaba	1	0	0	1
	apsvaba	0	1	1	0
ape-ntaba$$$p0$s102	apentaba	1	0	0	1
	apntaba	0	1	1	0
ape-nsaba$$$p0$s103	apensaba	1	0	0	1
	apnsaba	0	1	1	0
ape-nnaba$$$p0$s104	apennaba	1	0	0	1
	apnnaba	0	1	1	0
ape-nlaba$$$p0$s105	apenlaba	1	0	0	1
	apnlaba	0	1	1	0
ape-nraba$$$p0$s106	apenraba	1	0	0	1
	apnraba	0	1	1	0
ape-nvaba$$$p0$s107	apenvaba	1	0	0	1
	apnvaba	0	1	1	0
ape-ltaba$$$p0$s108	apeltaba	1	0	0	1
	apltaba	0	1	1	0
ape-lsaba$$$p0$s109	apelsaba	1	0	0	1
	aplsaba	0	1	1	0
ape-lnaba$$$p0$s110	apelnaba	1	0	0	1
	aplnaba	0	1	1	0
ape-llaba$$$p0$s111	apellaba	1	0	0	1
	apllaba	0	1	1	0
ape-lraba$$$p0$s112	apelraba	1	0	0	1
	aplraba	0	1	1	0
ape-lvaba$$$p0$s113	apelvaba	1	0	0	1
	aplvaba	0	1	1	0
ape-rtaba$$$p0$s114	apertaba	1	0	0	1
	aprtaba	0	1	1	0
ape-rsaba$$$p0$s115	apersaba	1	0	0	1
	aprsaba	0	1	1	0
ape-rnaba$$$p0$s116	apernaba	1	0	0	1
	aprnaba	0	1	1	0
ape-rlaba$$$p0$s117	aperlaba	1	0	0	1
	aprlaba	0	1	1	0
ape-rraba$$$p0$s118	aperraba	1	0	0	1
	aprraba	0	1	1	0
ape-rvaba$$$p0$s119	apervaba	1	0	0	1
	aprvaba	0	1	1	0
ape-vtaba$$$p0$s120	apevtaba	1	0	0	1
	apvtaba	0	1	1	0
ape-vsaba$$$p0$s121	apevsaba	1	0	0	1
	apvsaba	0	1	1	0
ape-vnaba$$$p0$s122	apevnaba	1	0	0	1
	apvnaba	0	1	1	0
ape-vlaba$$$p0$s123	apevlaba	1	0	0	1
	apvlaba	0	1	1	0
ape-vraba$$$p0$s124	apevraba	1	0	0	1
	apvraba	0	1	1	0
ape-vvaba$$$p0$s125	apevvaba	1	0	0	1
	apvvaba	0	1	1	0
ape-taba$$$p0$s126	apetaba	0	0	0	1
	aptaba	1	0	1	0
ape-ttaba$$$p0$s127	apettaba	1	0	0	1
	apttaba	0	1	1	0
ape-saba$$$p0$s128	apesaba	0	0	0	1
	apsaba	1	0	1	0
ape-tsaba$$$p0$s129	apetsaba	1	0	0	1
	aptsaba	0	1	1	0
ape-naba$$$p0$s130	apenaba	0	0	0	1
	apnaba	1	0	1	0
ape-tnaba$$$p0$s131	apetnaba	1	0	0	1
	aptnaba	0	1	1	0
ape-laba$$$p0$s132	apelaba	0	0	0	1
	aplaba	1	0	1	0
ape-tlaba$$$p0$s133	apetlaba	1	0	0	1
	aptlaba	0	1	1	0
ape-raba$$$p0$s134	aperaba	0	0	0	1
	apraba	1	0	1	0
ape-traba$$$p0$s135	apetraba	1	0	0	1
	aptraba	0	1	1	0
ape-vaba$$$p0$s136	apevaba	0	0	0	1
	apvaba	1	0	1	0
ape-tvaba$$$p0$s137	apetvaba	1	0	0	1
	aptvaba	0	1	1	0
ape-staba$$$p0$s138	apestaba	1	0	0	1
	apstaba	0	1	1	0
ape-ssaba$$$p0$s139	apessaba	1	0	0	1
	apssaba	0	1	1	0
ape-snaba$$$p0$s140	apesnaba	1	0	0	1
	apsnaba	0	1	1	0
ape-slaba$$$p0$s141	apeslaba	1	0	0	1
	apslaba	0	1	1	0
ape-sraba$$$p0$s142	apesraba	1	0	0	1
	apsraba	0	1	1	0
ape-svaba$$$p0$s143	apesvaba	1	0	0	1
	apsvaba	0	1	1	0
ape-ntaba$$$p0$s144	apentaba	1	0	0	1
	apntaba	0	1	1	0
ape-nsaba$$$p0$s145	apensaba	1	0	0	1
	apnsaba	0	1	1	0
ape-nnaba$$$p0$s146	apennaba	1	0	0	1
	apnnaba	0	1	1	0
ape-nlaba$$$p0$s147	apenlaba	1	0	0	1
	apnlaba	0	1	1	0
ape-nraba$$$p0$s148	apenraba	1	0	0	1
	apnraba	0	1	1	0
ape-nvaba$$$p0$s149	apenvaba	1	0	0	1
	apnvaba	0	1	1	0
ape-ltaba$$$p0$s150	apeltaba	1	0	0	1
	apltaba	0	1	1	0
ape-lsaba$$$p0$s151	apelsaba	1	0	0	1
	aplsaba	0	1	1	0
ape-lnaba$$$p0$s152	apelnaba	1	0	0	1
	aplnaba	0	1	1	0
ape-llaba$$$p0$s153	apellaba	1	0	0	1
	apllaba	0	1	1	0
ape-lraba$$$p0$s154	apelraba	1	0	0	1
	aplraba	0	1	1	0
ape-lvaba$$$p0$s155	apelvaba	1	0	0	1
	aplvaba	0	1	1	0
ape-rtaba$$$p0$s156	apertaba	1	0	0	1
	aprtaba	0	1	1	0
ape-rsaba$$$p0$s157	apersaba	1	0	0	1
	aprsaba	0	1	1	0
ape-rnaba$$$p0$s158	apernaba	1	0	0	1
	aprnaba	0	1	1	0
ape-rlaba$$$p0$s159	aperlaba	1	0	0	1
	aprlaba	0	1	1	0
ape-rraba$$$p0$s160	aperraba	1	0	0	1
	aprraba	0	1	1	0
ape-rvaba$$$p0$s161	apervaba	1	0	0	1
	aprvaba	0	1	1	0
ape-vtaba$$$p0$s162	apevtaba	1	0	0	1
	apvtaba	0	1	1	0
ape-vsaba$$$p0$s163	apevsaba	1	0	0	1
	apvsaba	0	1	1	0
ape-vnaba$$$p0$s164	apevnaba	1	0	0	1
	apvnaba	0	1	1	0
ape-vlaba$$$p0$s165	apevlaba	1	0	0	1
	apvlaba	0	1	1	0
ape-vraba$$$p0$s166	apevraba	1	0	0	1
	apvraba	0	1	1	0
ape-vvaba$$$p0$s167	apevvaba	1	0	0	1
	apvvaba	0	1	1	0
ape-taba$$$p0$s168	apetaba	0	0	0	1
	aptaba	1	0	1	0
ape-ttaba$$$p0$s169	apettaba	1	0	0	1
	apttaba	0	1	1	0
ape-saba$$$p0$s170	apesaba	0	0	0	1
	apsaba	1	0	1	0
ape-tsaba$$$p0$s171	apetsaba	1	0	0	1
	aptsaba	0	1	1	0
ape-naba$$$p0$s172	apenaba	0	0	0	1
	apnaba	1	0	1	0
ape-tnaba$$$p0$s173	apetnaba	1	0	0	1
	aptnaba	0	1	1	0
ape-laba$$$p0$s174	apelaba	0	0	0	1
	aplaba	1	0	1	0
ape-tlaba$$$p0$s175	apetlaba	1	0	0	1
	aptlaba	0	1	1	0
ape-raba$$$p0$s176	aperaba	0	0	0	1
	apraba	1	0	1	0
ape-traba$$$p0$s177	apetraba	1	0	0	1
	aptraba	0	1	1	0
ape-vaba$$$p0$s178	apevaba	0	0	0	1
	apvaba	1	0	1	0
ape-tvaba$$$p0$s179	apetvaba	1	0	0	1
	aptvaba	0	1	1	0
ape-staba$$$p0$s180	apestaba	1	0	0	1
	apstaba	0	1	1	0
ape-ssaba$$$p0$s181	apessaba	1	0	0	1
	apssaba	0	1	1	0
ape-snaba$$$p0$s182	apesnaba	1	0	0	1
	apsnaba	0	1	1	0
ape-slaba$$$p0$s183	apeslaba	1	0	0	1
	apslaba	0	1	1	0
ape-sraba$$$p0$s184	apesraba	1	0	0	1
	apsraba	0	1	1	0
ape-svaba$$$p0$s185	apesvaba	1	0	0	1
	apsvaba	0	1	1	0
ape-ntaba$$$p0$s186	apentaba	1	0	0	1
	apntaba	0	1	1	0
ape-nsaba$$$p0$s187	apensaba	1	0	0	1
	apnsaba	0	1	1	0
ape-nnaba$$$p0$s188	apennaba	1	0	0	1
	apnnaba	0	1	1	0
ape-nlaba$$$p0$s189	apenlaba	1	0	0	1
	apnlaba	0	1	1	0
ape-nraba$$$p0$s190	apenraba	1	0	0	1
	apnraba	0	1	1	0
ape-nvaba$$$p0$s191	apenvaba	1	0	0	1
	apnvaba	0	1	1	0
ape-ltaba$$$p0$s192	apeltaba	1	0	0	1
	apltaba	0	1	1	0
ape-lsaba$$$p0$s193	apelsaba	1	0	0	1
	aplsaba	0	1	1	0
ape-lnaba$$$p0$s194	apelnaba	1	0	0	1
	aplnaba	0	1	1	0
ape-llaba$$$p0$s195	apellaba	1	0	0	1
	apllaba	0	1	1	0
ape-lraba$$$p0$s196	apelraba	1	0	0	1
	aplraba	0	1	1	0
ape-lvaba$$$p0$s197	apelvaba	1	0	0	1
	aplvaba	0	1	1	0
ape-rtaba$$$p0$s198	apertaba	1	0	0	1
	aprtaba	0	1	1	0
ape-rsaba$$$p0$s199	apersaba	1	0	0	1
	aprsaba	0	1	1	0
ape-rnaba$$$p0$s200	apernaba	1	0	0	1
	aprnaba	0	1	1	0
ape-rlaba$$$p0$s201	aperlaba	1	0	0	1
	aprlaba	0	1	1	0
ape-rraba$$$p0$s202	aperraba	1	0	0	1
	aprraba	0	1	1	0
ape-rvaba$$$p0$s203	apervaba	1	0	0	1
	aprvaba	0	1	1	0
ape-vtaba$$$p0$s204	apevtaba	1	0	0	1
	apvtaba	0	1	1	0
ape-vsaba$$$p0$s205	apevsaba	1	0	0	1
	apvsaba	0	1	1	0
ape-vnaba$$$p0$s206	apevnaba	1	0	0	1
	apvnaba	0	1	1	0
ape-vlaba$$$p0$s207	apevlaba	1	0	0	1
	apvlaba	0	1	1	0
ape-vraba$$$p0$s208	apevraba	1	0	0	1
	apvraba	0	1	1	0
ape-vvaba$$$p0$s209	apevvaba	1	0	0	1
	apvvaba	0	1	1	0
ape-taba$$$p0$s210	apetaba	0	0	0	1
	aptaba	1	0	1	0
ape-ttaba$$$p0$s211	apettaba	1	0	0	1
	apttaba	0	1	1	0
ape-saba$$$p0$s212	apesaba	0	0	0	1
	apsaba	1	0	1	0
ape-tsaba$$$p0$s213	apetsaba	1	0	0	1
	aptsaba	0	1	1	0
ape-naba$$$p0$s214	apenaba	0	0	0	1
	apnaba	1	0	1	0
ape-tnaba$$$p0$s215	apetnaba	1	0	0	1
	aptnaba	0	1	1	0
ape-laba$$$p0$s216	apelaba	0	0	0	1
	aplaba	1	0	1	0
ape-tlaba$$$p0$s217	apetlaba	1	0	0	1
	aptlaba	0	1	1	0
ape-raba$$$p0$s218	aperaba	0	0	0	1
	apraba	1	0	1	0
ape-traba$$$p0$s219	apetraba	1	0	0	1
	aptraba	0	1	1	0
ape-vaba$$$p0$s220	apevaba	0	0	0	1
	apvaba	1	0	1	0
ape-tvaba$$$p0$s221	apetvaba	1	0	0	1
	aptvaba	0	1	1	0
ape-staba$$$p0$s222	apestaba	1	0	0	1
	apstaba	0	1	1	0
ape-ssaba$$$p0$s223	apessaba	1	0	0	1
	apssaba	0	1	1	0
ape-snaba$$$p0$s224	apesnaba	1	0	0	1
	apsnaba	0	1	1	0
ape-slaba$$$p0$s225	apeslaba	1	0	0	1
	apslaba	0	1	1	0
ape-sraba$$$p0$s226	apesraba	1	0	0	1
	apsraba	0	1	1	0
ape-svaba$$$p0$s227	apesvaba	1	0	0	1
	apsvaba	0	1	1	0
ape-ntaba$$$p0$s228	apentaba	1	0	0	1
	apntaba	0	1	1	0
ape-nsaba$$$p0$s229	apensaba	1	0	0	1
	apnsaba	0	1	1	0
ape-nnaba$$$p0$s230	apennaba	1	0	0	1
	apnnaba	0	1	1	0
ape-nlaba$$$p0$s231	apenlaba	1	0	0	1
	apnlaba	0	1	1	0
ape-nraba$$$p0$s232	apenraba	1	0	0	1
	apnraba	0	1	1	0
ape-nvaba$$$p0$s233	apenvaba	1	0	0	1
	apnvaba	0	1	1	0
ape-ltaba$$$p0$s234	apeltaba	1	0	0	1
	apltaba	0	1	1	0
ape-lsaba$$$p0$s235	apelsaba	1	0	0	1
	aplsaba	0	1	1	0
ape-lnaba$$$p0$s236	apelnaba	1	0	0	1
	aplnaba	0	1	1	0
ape-llaba$$$p0$s237	apellaba	1	0	0	1
	apllaba	0	1	1	0
ape-lraba$$$p0$s238	apelraba	1	0	0	1
	aplraba	0	1	1	0
ape-lvaba$$$p0$s239	apelvaba	1	0	0	1
	aplvaba	0	1	1	0
ape-rtaba$$$p0$s240	apertaba	1	0	0	1
	aprtaba	0	1	1	0
ape-rsaba$$$p0$s241	apersaba	1	0	0	1
	aprsaba	0	1	1	0
ape-rnaba$$$p0$s242	apernaba	1	0	0	1
	aprnaba	0	1	1	0
ape-rlaba$$$p0$s243	aperlaba	1	0	0	1
	aprlaba	0	1	1	0
ape-rraba$$$p0$s244	aperraba	1	0	0	1
	aprraba	0	1	1	0
ape-rvaba$$$p0$s245	apervaba	1	0	0	1
	aprvaba	0	1	1	0
ape-vtaba$$$p0$s246	apevtaba	1	0	0	1
	apvtaba	0	1	1	0
ape-vsaba$$$p0$s247	apevsaba	1	0	0	1
	apvsaba	0	1	1	0
ape-vnaba$$$p0$s248	apevnaba	1	0	0	1
	apvnaba	0	1	1	0
ape-vlaba$$$p0$s249	apevlaba	1	0	0	1
	apvlaba	0	1	1	0
ape-vraba$$$p0$s250	apevraba	1	0	0	1
	apvraba	0	1	1	0
ape-vvaba$$$p0$s251	apevvaba	1	0	0	1
	apvvaba	0	1	1	0
ape-taba$$$p0$s252	apetaba	0	0	0	1
	aptaba	1	0	1	0
ape-ttaba$$$p0$s253	apettaba	1	0	0	1
	apttaba	0	1	1	0
ape-saba$$$p0$s254	apesaba	0	0	0	1
	apsaba	1	0	1	0
ape-tsaba$$$p0$s255	apetsaba	1	0	0	1
	aptsaba	0	1	1	0
ape-naba$$$p0$s256	apenaba	0	0	0	1
	apnaba	1	0	1	0
ape-tnaba$$$p0$s257	apetnaba	1	0	0	1
	aptnaba	0	1	1	0
ape-laba$$$p0$s258	apelaba	0	0	0	1
	aplaba	1	0	1	0
ape-tlaba$$$p0$s259	apetlaba	1	0	0	1
	aptlaba	0	1	1	0
ape-raba$$$p0$s260	aperaba	0	0	0	1
	apraba	1	0	1	0
ape-traba$$$p0$s261	apetraba	1	0	0	1
	aptraba	0	1	1	0
ape-vaba$$$p0$s262	apevaba	0	0	0	1
	apvaba	1	0	1	0
ape-tvaba$$$p0$s263	apetvaba	1	0	0	1
	aptvaba	0	1	1	0
ape-staba$$$p0$s264	apestaba	1	0	0	1
	apstaba	0	1	1	0
ape-ssaba$$$p0$s265	apessaba	1	0	0	1
	apssaba	0	1	1	0
ape-snaba$$$p0$s266	apesnaba	1	0	0	1
	apsnaba	0	1	1	0
ape-slaba$$$p0$s267	apeslaba	1	0	0	1
	apslaba	0	1	1	0
ape-sraba$$$p0$s268	apesraba	1	0	0	1
	apsraba	0	1	1	0
ape-svaba$$$p0$s269	apesvaba	1	0	0	1
	apsvaba	0	1	1	0
ape-ntaba$$$p0$s270	apentaba	1	0	0	1
	apntaba	0	1	1	0
ape-nsaba$$$p0$s271	apensaba	1	0	0	1
	apnsaba	0	1	1	0
ape-nnaba$$$p0$s272	apennaba	1	0	0	1
	apnnaba	0	1	1	0
ape-nlaba$$$p0$s273	apenlaba	1	0	0	1
	apnlaba	0	1	1	0
ape-nraba$$$p0$s274	apenraba	1	0	0	1
	apnraba	0	1	1	0
ape-nvaba$$$p0$s275	apenvaba	1	0	0	1
	apnvaba	0	1	1	0
ape-ltaba$$$p0$s276	apeltaba	1	0	0	1
	apltaba	0	1	1	0
ape-lsaba$$$p0$s277	apelsaba	1	0	0	1
	aplsaba	0	1	1	0
ape-lnaba$$$p0$s278	apelnaba	1	0	0	1
	aplnaba	0	1	1	0
ape-llaba$$$p0$s279	apellaba	1	0	0	1
	apllaba	0	1	1	0
ape-lraba$$$p0$s280	apelraba	1	0	0	1
	aplraba	0	1	1	0
ape-lvaba$$$p0$s281	apelvaba	1	0	0	1
	aplvaba	0	1	1	0
ape-rtaba$$$p0$s282	apertaba	1	0	0	1
	aprtaba	0	1	1	0
ape-rsaba$$$p0$s283	apersaba	1	0	0	1
	aprsaba	0	1	1	0
ape-rnaba$$$p0$s284	apernaba	1	0	0	1
	aprnaba	0	1	1	0
ape-rlaba$$$p0$s285	aperlaba	1	0	0	1
	aprlaba	0	1	1	0
ape-rraba$$$p0$s286	aperraba	1	0	0	1
	aprraba	0	1	1	0
ape-rvaba$$$p0$s287	apervaba	1	0	0	1
	aprvaba	0	1	1	0
ape-vtaba$$$p0$s288	apevtaba	1	0	0	1
	apvtaba	0	1	1	0
ape-vsaba$$$p0$s289	apevsaba	1	0	0	1
	apvsaba	0	1	1	0
ape-vnaba$$$p0$s290	apevnaba	1	0	0	1
	apvnaba	0	1	1	0
ape-vlaba$$$p0$s291	apevlaba	1	0	0	1
	apvlaba	0	1	1	0
ape-vraba$$$p0$s292	apevraba	1	0	0	1
	apvraba	0	1	1	0
ape-vvaba$$$p0$s293	apevvaba	1	0	0	1
	apvvaba	0	1	1	0
ape-taba$$$p0$s294	apetaba	0	0	0	1
	aptaba	1	0	1	0
ape-ttaba$$$p0$s295	apettaba	1	0	0	1
	apttaba	0	1	1	0
ape-saba$$$p0$s296	apesaba	0	0	0	1
	apsaba	1	0	1	0
ape-tsaba$$$p0$s297	apetsaba	1	0	0	1
	aptsaba	0	1	1	0
ape-naba$$$p0$s298	apenaba	0	0	0	1
	apnaba	1	0	1	0
ape-tnaba$$$p0$s299	apetnaba	1	0	0	1
	aptnaba	0	1	1	0
ape-laba$$$p0$s300	apelaba	0	0	0	1
	aplaba	1	0	1	0
ape-tlaba$$$p0$s301	apetlaba	1	0	0	1
	aptlaba	0	1	1	0
ape-raba$$$p0$s302	aperaba	0	0	0	1
	apraba	1	0	1	0
ape-traba$$$p0$s303	apetraba	1	0	0	1
	aptraba	0	1	1	0
ape-vaba$$$p0$s304	apevaba	0	0	0	1
	apvaba	1	0	1	0
ape-tvaba$$$p0$s305	apetvaba	1	0	0	1
	aptvaba	0	1	1	0
ape-staba$$$p0$s306	apestaba	1	0	0	1
	apstaba	0	1	1	0
ape-ssaba$$$p0$s307	apessaba	1	0	0	1
	apssaba	0	1	1	0
ape-snaba$$$p0$s308	apesnaba	1	0	0	1
	apsnaba	0	1	1	0
ape-slaba$$$p0$s309	apeslaba	1	0	0	1
	apslaba	0	1	1	0
ape-sraba$$$p0$s310	apesraba	1	0	0	1
	apsraba	0	1	1	0
ape-svaba$$$p0$s311	apesvaba	1	0	0	1
	apsvaba	0	1	1	0
ape-ntaba$$$p0$s312	apentaba	1	0	0	1
	apntaba	0	1	1	0
ape-nsaba$$$p0$s313	apensaba	1	0	0	1
	apnsaba	0	1	1	0
ape-nnaba$$$p0$s314	apennaba	1	0	0	1
	apnnaba	0	1	1	0
ape-nlaba$$$p0$s315	apenlaba	1	0	0	1
	apnlaba	0	1	1	0
ape-nraba$$$p0$s316	apenraba	1	0	0	1
	apnraba	0	1	1	0
ape-nvaba$$$p0$s317	apenvaba	1	0	0	1
	apnvaba	0	1	1	0
ape-ltaba$$$p0$s318	apeltaba	1	0	0	1
	apltaba	0	1	1	0
ape-lsaba$$$p0$s319	apelsaba	1	0	0	1
	aplsaba	0	1	1	0
ape-lnaba$$$p0$s320	apelnaba	1	0	0	1
	aplnaba	0	1	1	0
ape-llaba$$$p0$s321	apellaba	1	0	0	1
	apllaba	0	1	1	0
ape-lraba$$$p0$s322	apelraba	1	0	0	1
	aplraba	0	1	1	0
ape-lvaba$$$p0$s323	apelvaba	1	0	0	1
	aplvaba	0	1	1	0
ape-rtaba$$$p0$s324	apertaba	1	0	0	1
	aprtaba	0	1	1	0
ape-rsaba$$$p0$s325	apersaba	1	0	0	1
	aprsaba	0	1	1	0
ape-rnaba$$$p0$s326	apernaba	1	0	0	1
	aprnaba	0	1	1	0
ape-rlaba$$$p0$s327	aperlaba	1	0	0	1
	aprlaba	0	1	1	0
ape-rraba$$$p0$s328	aperraba	1	0	0	1
	aprraba	0	1	1	0
ape-rvaba$$$p0$s329	apervaba	1	0	0	1
	aprvaba	0	1	1	0
ape-vtaba$$$p0$s330	apevtaba	1	0	0	1
	apvtaba	0	1	1	0
ape-vsaba$$$p0$s331	apevsaba	1	0	0	1
	apvsaba	0	1	1	0
ape-vnaba$$$p0$s332	apevnaba	1	0	0	1
	apvnaba	0	1	1	0
ape-vlaba$$$p0$s333	apevlaba	1	0	0	1
	apvlaba	0	1	1	0
ape-vraba$$$p0$s334	apevraba	1	0	0	1
	apvraba	0	1	1	0
ape-vvaba$$$p0$s335	apevvaba	1	0	0	1
	apvvaba	0	1	1	0
ape-taba$$$p0$s336	apetaba	0	0	0	1
	aptaba	1	0	1	0
ape-ttaba$$$p0$s337	apettaba	1	0	0	1
	apttaba	0	1	1	0
ape-saba$$$p0$s338	apesaba	0	0	0	1
	apsaba	1	0	1	0
ape-tsaba$$$p0$s339	apetsaba	1	0	0	1
	aptsaba	0	1	1	0
ape-naba$$$p0$s340	apenaba	0	0	0	1
	apnaba	1	0	1	0
ape-tnaba$$$p0$s341	apetnaba	1	0	0	1
	aptnaba	0	1	1	0
ape-laba$$$p0$s342	apelaba	0	0	0	1
	aplaba	1	0	1	0
ape-tlaba$$$p0$s343	apetlaba	1	0	0	1
	aptlaba	0	1	1	0
ape-raba$$$p0$s344	aperaba	0	0	0	1
	apraba	1	0	1	0
ape-traba$$$p0$s345	apetraba	1	0	0	1
	aptraba	0	1	1	0
ape-vaba$$$p0$s346	apevaba	0	0	0	1
	apvaba	1	0	1	0
ape-tvaba$$$p0$s347	apetvaba	1	0	0	1
	aptvaba	0	1	1	0
ape-staba$$$p0$s348	apestaba	1	0	0	1
	apstaba	0	1	1	0
ape-ssaba$$$p0$s349	apessaba	1	0	0	1
	apssaba	0	1	1	0
ape-snaba$$$p0$s350	apesnaba	1	0	0	1
	apsnaba	0	1	1	0
ape-slaba$$$p0$s351	apeslaba	1	0	0	1
	apslaba	0	1	1	0
ape-sraba$$$p0$s352	apesraba	1	0	0	1
	apsraba	0	1	1	0
ape-svaba$$$p0$s353	apesvaba	1	0	0	1
	apsvaba	0	1	1	0
ape-ntaba$$$p0$s354	apentaba	1	0	0	1
	apntaba	0	1	1	0
ape-nsaba$$$p0$s355	apensaba	1	0	0	1
	apnsaba	0	1	1	0
ape-nnaba$$$p0$s356	apennaba	1	0	0	1
	apnnaba	0	1	1	0
ape-nlaba$$$p0$s357	apenlaba	1	0	0	1
	apnlaba	0	1	1	0
ape-nraba$$$p0$s358	apenraba	1	0	0	1
	apnraba	0	1	1	0
ape-nvaba$$$p0$s359	apenvaba	1	0	0	1
	apnvaba	0	1	1	0
ape-ltaba$$$p0$s360	apeltaba	1	0	0	1
	apltaba	0	1	1	0
ape-lsaba$$$p0$s361	apelsaba	1	0	0	1
	aplsaba	0	1	1	0
ape-lnaba$$$p0$s362	apelnaba	1	0	0	1
	aplnaba	0	1	1	0
ape-llaba$$$p0$s363	apellaba	1	0	0	1
	apllaba	0	1	1	0
ape-lraba$$$p0$s364	apelraba	1	0	0	1
	aplraba	0	1	1	0
ape-lvaba$$$p0$s365	apelvaba	1	0	0	1
	aplvaba	0	1	1	0
ape-rtaba$$$p0$s366	apertaba	1	0	0	1
	aprtaba	0	1	1	0
ape-rsaba$$$p0$s367	apersaba	1	0	0	1
	aprsaba	0	1	1	0
ape-rnaba$$$p0$s368	apernaba	1	0	0	1
	aprnaba	0	1	1	0
ape-rlaba$$$p0$s369	aperlaba	1	0	0	1
	aprlaba	0	1	1	0
ape-rraba$$$p0$s370	aperraba	1	0	0	1
	aprraba	0	1	1	0
ape-rvaba$$$p0$s371	apervaba	1	0	0	1
	aprvaba	0	1	1	0
ape-vtaba$$$p0$s372	apevtaba	1	0	0	1
	apvtaba	0	1	1	0
ape-vsaba$$$p0$s373	apevsaba	1	0	0	1
	apvsaba	0	1	1	0
ape-vnaba$$$p0$s374	apevnaba	1	0	0	1
	apvnaba	0	1	1	0
ape-vlaba$$$p0$s375	apevlaba	1	0	0	1
	apvlaba	0	1	1	0
ape-vraba$$$p0$s376	apevraba	1	0	0	1
	apvraba	0	1	1	0
ape-vvaba$$$p0$s377	apevvaba	1	0	0	1
	apvvaba	0	1	1	0
ape-taba$$$p0$s378	apetaba	0	0	0	1
	aptaba	1	0	1	0
ape-ttaba$$$p0$s379	apettaba	1	0	0	1
	apttaba	0	1	1	0
ape-saba$$$p0$s380	apesaba	0	0	0	1
	apsaba	1	0	1	0
ape-tsaba$$$p0$s381	apetsaba	1	0	0	1
	aptsaba	0	1	1	0
ape-naba$$$p0$s382	apenaba	0	0	0	1
	apnaba	1	0	1	0
ape-tnaba$$$p0$s383	apetnaba	1	0	0	1
	aptnaba	0	1	1	0
ape-laba$$$p0$s384	apelaba	0	0	0	1
	aplaba	1	0	1	0
ape-tlaba$$$p0$s385	apetlaba	1	0	0	1
	aptlaba	0	1	1	0
ape-raba$$$p0$s386	aperaba	0	0	0	1
	apraba	1	0	1	0
ape-traba$$$p0$s387	apetraba	1	0	0	1
	aptraba	0	1	1	0
ape-vaba$$$p0$s388	apevaba	0	0	0	1
	apvaba	1	0	1	0
ape-tvaba$$$p0$s389	apetvaba	1	0	0	1
	aptvaba	0	1	1	0
ape-staba$$$p0$s390	apestaba	1	0	0	1
	apstaba	0	1	1	0
ape-ssaba$$$p0$s391	apessaba	1	0	0	1
	apssaba	0	1	1	0
ape-snaba$$$p0$s392	apesnaba	1	0	0	1
	apsnaba	0	1	1	0
ape-slaba$$$p0$s393	apeslaba	1	0	0	1
	apslaba	0	1	1	0
ape-sraba$$$p0$s394	apesraba	1	0	0	1
	apsraba	0	1	1	0
ape-svaba$$$p0$s395	apesvaba	1	0	0	1
	apsvaba	0	1	1	0
ape-ntaba$$$p0$s396	apentaba	1	0	0	1
	apntaba	0	1	1	0
ape-nsaba$$$p0$s397	apensaba	1	0	0	1
	apnsaba	0	1	1	0
ape-nnaba$$$p0$s398	apennaba	1	0	0	1
	apnnaba	0	1	1	0
ape-nlaba$$$p0$s399	apenlaba	1	0	0	1
	apnlaba	0	1	1	0
ape-nraba$$$p0$s400	apenraba	1	0	0	1
	apnraba	0	1	1	0
ape-nvaba$$$p0$s401	apenvaba	1	0	0	1
	apnvaba	0	1	1	0
ape-ltaba$$$p0$s402	apeltaba	1	0	0	1
	apltaba	0	1	1	0
ape-lsaba$$$p0$s403	apelsaba	1	0	0	1
	aplsaba	0	1	1	0
ape-lnaba$$$p0$s404	apelnaba	1	0	0	1
	aplnaba	0	1	1	0
ape-llaba$$$p0$s405	apellaba	1	0	0	1
	apllaba	0	1	1	0
ape-lraba$$$p0$s406	apelraba	1	0	0	1
	aplraba	0	1	1	0
ape-lvaba$$$p0$s407	apelvaba	1	0	0	1
	aplvaba	0	1	1	0
ape-rtaba$$$p0$s408	apertaba	1	0	0	1
	aprtaba	0	1	1	0
ape-rsaba$$$p0$s409	apersaba	1	0	0	1
	aprsaba	0	1	1	0
ape-rnaba$$$p0$s410	apernaba	1	0	0	1
	aprnaba	0	1	1	0
ape-rlaba$$$p0$s411	aperlaba	1	0	0	1
	aprlaba	0	1	1	0
ape-rraba$$$p0$s412	aperraba	1	0	0	1
	aprraba	0	1	1	0
ape-rvaba$$$p0$s413	apervaba	1	0	0	1
	aprvaba	0	1	1	0
ape-vtaba$$$p0$s414	apevtaba	1	0	0	1
	apvtaba	0	1	1	0
ape-vsaba$$$p0$s415	apevsaba	1	0	0	1
	apvsaba	0	1	1	0
ape-vnaba$$$p0$s416	apevnaba	1	0	0	1
	apvnaba	0	1	1	0
ape-vlaba$$$p0$s417	apevlaba	1	0	0	1
	apvlaba	0	1	1	0
ape-vraba$$$p0$s418	apevraba	1	0	0	1
	apvraba	0	1	1	0
ape-vvaba$$$p0$s419	apevvaba	1	0	0	1
	apvvaba	0	1	1	0
ate-taba$$$p1$s0	atetaba	0	0	0	1
	attaba	1	0	1	0
ate-ttaba$$$p1$s1	atettaba	1	0	0	1
	atttaba	0	1	1	0
ate-saba$$$p1$s2	atesaba	0	0	0	1
	atsaba	1	0	1	0
ate-tsaba$$$p1$s3	atetsaba	1	0	0	1
	attsaba	0	1	1	0
ate-naba$$$p1$s4	atenaba	0	0	0	1
	atnaba	1	0	1	0
ate-tnaba$$$p1$s5	atetnaba	1	0	0	1
	attnaba	0	1	1	0
ate-laba$$$p1$s6	atelaba	0	0	0	1
	atlaba	1	0	1	0
ate-tlaba$$$p1$s7	atetlaba	1	0	0	1
	attlaba	0	1	1	0
ate-raba$$$p1$s8	ateraba	0	0	0	1
	atraba	1	0	1	0
ate-traba$$$p1$s9	atetraba	1	0	0	1
	attraba	0	1	1	0
ate-vaba$$$p1$s10	atevaba	0	0	0	1
	atvaba	1	0	1	0
ate-tvaba$$$p1$s11	atetvaba	1	0	0	1
	attvaba	0	1	1	0
ate-staba$$$p1$s12	atestaba	1	0	0	1
	atstaba	0	1	1	0
ate-ssaba$$$p1$s13	atessaba	1	0	0	1
	atssaba	0	1	1	0
ate-snaba$$$p1$s14	atesnaba	1	0	0	1
	atsnaba	0	1	1	0
ate-slaba$$$p1$s15	ateslaba	1	0	0	1
	atslaba	0	1	1	0
ate-sraba$$$p1$s16	atesraba	1	0	0	1
	atsraba	0	1	1	0
ate-svaba$$$p1$s17	atesvaba	1	0	0	1
	atsvaba	0	1	1	0
ate-ntaba$$$p1$s18	atentaba	1	0	0	1
	atntaba	0	1	1	0
ate-nsaba$$$p1$s19	atensaba	1	0	0	1
	atnsaba	0	1	1	0
ate-nnaba$$$p1$s20	atennaba	1	0	0	1
	atnnaba	0	1	1	0
ate-nlaba$$$p1$s21	atenlaba	1	0	0	1
	atnlaba	0	1	1	0
ate-nraba$$$p1$s22	atenraba	1	0	0	1
	atnraba	0	1	1	0
ate-nvaba$$$p1$s23	atenvaba	1	0	0	1
	atnvaba	0	1	1	0
ate-ltaba$$$p1$s24	ateltaba	1	0	0	1
	atltaba	0	1	1	0
ate-lsaba$$$p1$s25	atelsaba	1	0	0	1
	atlsaba	0	1	1	0
ate-lnaba$$$p1$s26	atelnaba	1	0	0	1
	atlnaba	0	1	1	0
ate-llaba$$$p1$s27	atellaba	1	0	0	1
	atllaba	0	1	1	0
ate-lraba$$$p1$s28	atelraba	1	0	0	1
	atlraba	0	1	1	0
ate-lvaba$$$p1$s29	atelvaba	1	0	0	1
	atlvaba	0	1	1	0
ate-rtaba$$$p1$s30	atertaba	1	0	0	1
	atrtaba	0	1	1	0
ate-rsaba$$$p1$s31	atersaba	1	0	0	1
	atrsaba	0	1	1	0
ate-rnaba$$$p1$s32	aternaba	1	0	0	1
	atrnaba	0	1	1	0
ate-rlaba$$$p1$s33	aterlaba	1	0	0	1
	atrlaba	0	1	1	0
ate-rraba$$$p1$s34	aterraba	1	0	0	1
	atrraba	0	1	1	0
ate-rvaba$$$p1$s35	atervaba	1	0	0	1
	atrvaba	0	1	1	0
ate-vtaba$$$p1$s36	atevtaba	1	0	0	1
	atvtaba	0	1	1	0
ate-vsaba$$$p1$s37	atevsaba	1	0	0	1
	atvsaba	0	1	1	0
ate-vnaba$$$p1$s38	atevnaba	1	0	0	1
	atvnaba	0	1	1	0
ate-vlaba$$$p1$s39	atevlaba	1	0	0	1
	atvlaba	0	1	1	0
ate-vraba$$$p1$s40	atevraba	1	0	0	1
	atvraba	0	1	1	0
ate-vvaba$$$p1$s41	atevvaba	1	0	0	1
	atvvaba	0	1	1	0
ate-taba$$$p1$s42	atetaba	0	0	0	1
	attaba	1	0	1	0
ate-ttaba$$$p1$s43	atettaba	1	0	0	1
	atttaba	0	1	1	0
ate-saba$$$p1$s44	atesaba	0	0	0	1
	atsaba	1	0	1	0
ate-tsaba$$$p1$s45	atetsaba	1	0	0	1
	attsaba	0	1	1	0
ate-naba$$$p1$s46	atenaba	0	0	0	1
	atnaba	1	0	1	0
ate-tnaba$$$p1$s47	atetnaba	1	0	0	1
	attnaba	0	1	1	0
ate-laba$$$p1$s48	atelaba	0	0	0	1
	atlaba	1	0	1	0
ate-tlaba$$$p1$s49	atetlaba	1	0	0	1
	attlaba	0	1	1	0
ate-raba$$$p1$s50	ateraba	0	0	0	1
	atraba	1	0	1	0
ate-traba$$$p1$s51	atetraba	1	0	0	1
	attraba	0	1	1	0
ate-vaba$$$p1$s52	atevaba	0	0	0	1
	atvaba	1	0	1	0
ate-tvaba$$$p1$s53	atetvaba	1	0	0	1
	attvaba	0	1	1	0
ate-staba$$$p1$s54	atestaba	1	0	0	1
	atstaba	0	1	1	0
ate-ssaba$$$p1$s55	atessaba	1	0	0	1
	atssaba	0	1	1	0
ate-snaba$$$p1$s56	atesnaba	1	0	0	1
	atsnaba	0	1	1	0
ate-slaba$$$p1$s57	ateslaba	1	0	0	1
	atslaba	0	1	1	0
ate-sraba$$$p1$s58	atesraba	1	0	0	1
	atsraba	0	1	1	0
ate-svaba$$$p1$s59	atesvaba	1	0	0	1
	atsvaba	0	1	1	0
ate-ntaba$$$p1$s60	atentaba	1	0	0	1
	atntaba	0	1	1	0
ate-nsaba$$$p1$s61	atensaba	1	0	0	1
	atnsaba	0	1	1	0
ate-nnaba$$$p1$s62	atennaba	1	0	0	1
	atnnaba	0	1	1	0
ate-nlaba$$$p1$s63	atenlaba	1	0	0	1
	atnlaba	0	1	1	0
ate-nraba$$$p1$s64	atenraba	1	0	0	1
	atnraba	0	1	1	0
ate-nvaba$$$p1$s65	atenvaba	1	0	0	1
	atnvaba	0	1	1	0
ate-ltaba$$$p1$s66	ateltaba	1	0	0	1
	atltaba	0	1	1	0
ate-lsaba$$$p1$s67	atelsaba	1	0	0	1
	atlsaba	0	1	1	0
ate-lnaba$$$p1$s68	atelnaba	1	0	0	1
	atlnaba	0	1	1	0
ate-llaba$$$p1$s69	atellaba	1	0	0	1
	atllaba	0	1	1	0
ate-lraba$$$p1$s70	atelraba	1	0	0	1
	atlraba	0	1	1	0
ate-lvaba$$$p1$s71	atelvaba	1	0	0	1
	atlvaba	0	1	1	0
ate-rtaba$$$p1$s72	atertaba	1	0	0	1
	atrtaba	0	1	1	0
ate-rsaba$$$p1$s73	atersaba	1	0	0	1
	atrsaba	0	1	1	0
ate-rnaba$$$p1$s74	aternaba	1	0	0	1
	atrnaba	0	1	1	0
ate-rlaba$$$p1$s75	aterlaba	1	0	0	1
	atrlaba	0	1	1	0
ate-rraba$$$p1$s76	aterraba	1	0	0	1
	atrraba	0	1	1	0
ate-rvaba$$$p1$s77	atervaba	1	0	0	1
	atrvaba	0	1	1	0
ate-vtaba$$$p1$s78	atevtaba	1	0	0	1
	atvtaba	0	1	1	0
ate-vsaba$$$p1$s79	atevsaba	1	0	0	1
	atvsaba	0	1	1	0
ate-vnaba$$$p1$s80	atevnaba	1	0	0	1
	atvnaba	0	1	1	0
ate-vlaba$$$p1$s81	atevlaba	1	0	0	1
	atvlaba	0	1	1	0
ate-vraba$$$p1$s82	atevraba	1	0	0	1
	atvraba	0	1	1	0
ate-vvaba$$$p1$s83	atevvaba	1	0	0	1
	atvvaba	0	1	1	0
ate-taba$$$p1$s84	atetaba	0	0	0	1
	attaba	1	0	1	0
ate-ttaba$$$p1$s85	atettaba	1	0	0	1
	atttaba	0	1	1	0
ate-saba$$$p1$s86	atesaba	0	0	0	1
	atsaba	1	0	1	0
ate-tsaba$$$p1$s87	atetsaba	1	0	0	1
	attsaba	0	1	1	0
ate-naba$$$p1$s88	atenaba	0	0	0	1
	atnaba	1	0	1	0
ate-tnaba$$$p1$s89	atetnaba	1	0	0	1
	attnaba	0	1	1	0
ate-laba$$$p1$s90	atelaba	0	0	0	1
	atlaba	1	0	1	0
ate-tlaba$$$p1$s91	atetlaba	1	0	0	1
	attlaba	0	1	1	0
ate-raba$$$p1$s92	ateraba	0	0	0	1
	atraba	1	0	1	0
ate-traba$$$p1$s93	atetraba	1	0	0	1
	attraba	0	1	1	0
ate-vaba$$$p1$s94	atevaba	0	0	0	1
	atvaba	1	0	1	0
ate-tvaba$$$p1$s95	atetvaba	1	0	0	1
	attvaba	0	1	1	0
ate-staba$$$p1$s96	atestaba	1	0	0	1
	atstaba	0	1	1	0
ate-ssaba$$$p1$s97	atessaba	1	0	0	1
	atssaba	0	1	1	0
ate-snaba$$$p1$s98	atesnaba	1	0	0	1
	atsnaba	0	1	1	0
ate-slaba$$$p1$s99	ateslaba	1	0	0	1
	atslaba	0	1	1	0
ate-sraba$$$p1$s100	atesraba	1	0	0	1
	atsraba	0	1	1	0
ate-svaba$$$p1$s101	atesvaba	1	0	0	1
	atsvaba	0	1	1	0
ate-ntaba$$$p1$s102	atentaba	1	0	0	1
	atntaba	0	1	1	0
ate-nsaba$$$p1$s103	atensaba	1	0	0	1
	atnsaba	0	1	1	0
ate-nnaba$$$p1$s104	atennaba	1	0	0	1
	atnnaba	0	1	1	0
ate-nlaba$$$p1$s105	atenlaba	1	0	0	1
	atnlaba	0	1	1	0
ate-nraba$$$p1$s106	atenraba	1	0	0	1
	atnraba	0	1	1	0
ate-nvaba$$$p1$s107	atenvaba	1	0	0	1
	atnvaba	0	1	1	0
ate-ltaba$$$p1$s108	ateltaba	1	0	0	1
	atltaba	0	1	1	0
ate-lsaba$$$p1$s109	atelsaba	1	0	0	1
	atlsaba	0	1	1	0
ate-lnaba$$$p1$s110	atelnaba	1	0	0	1
	atlnaba	0	1	1	0
ate-llaba$$$p1$s111	atellaba	1	0	0	1
	atllaba	0	1	1	0
ate-lraba$$$p1$s112	atelraba	1	0	0	1
	atlraba	0	1	1	0
ate-lvaba$$$p1$s113	atelvaba	1	0	0	1
	atlvaba	0	1	1	0
ate-rtaba$$$p1$s114	atertaba	1	0	0	1
	atrtaba	0	1	1	0
ate-rsaba$$$p1$s115	atersaba	1	0	0	1
	atrsaba	0	1	1	0
ate-rnaba$$$p1$s116	aternaba	1	0	0	1
	atrnaba	0	1	1	0
ate-rlaba$$$p1$s117	aterlaba	1	0	0	1
	atrlaba	0	1	1	0
ate-rraba$$$p1$s118	aterraba	1	0	0	1
	atrraba	0	1	1	0
ate-rvaba$$$p1$s119	atervaba	1	0	0	1
	atrvaba	0	1	1	0
ate-vtaba$$$p1$s120	atevtaba	1	0	0	1
	atvtaba	0	1	1	0
ate-vsaba$$$p1$s121	atevsaba	1	0	0	1
	atvsaba	0	1	1	0
ate-vnaba$$$p1$s122	atevnaba	1	0	0	1
	atvnaba	0	1	1	0
ate-vlaba$$$p1$s123	atevlaba	1	0	0	1
	atvlaba	0	1	1	0
ate-vraba$$$p1$s124	atevraba	1	0	0	1
	atvraba	0	1	1	0
ate-vvaba$$$p1$s125	atevvaba	1	0	0	1
	atvvaba	0	1	1	0
ate-taba$$$p1$s126	atetaba	0	0	0	1
	attaba	1	0	1	0
ate-ttaba$$$p1$s127	atettaba	1	0	0	1
	atttaba	0	1	1	0
ate-saba$$$p1$s128	atesaba	0	0	0	1
	atsaba	1	0	1	0
ate-tsaba$$$p1$s129	atetsaba	1	0	0	1
	attsaba	0	1	1	0
ate-naba$$$p1$s130	atenaba	0	0	0	1
	atnaba	1	0	1	0
ate-tnaba$$$p1$s131	atetnaba	1	0	0	1
	attnaba	0	1	1	0
ate-laba$$$p1$s132	atelaba	0	0	0	1
	atlaba	1	0	1	0
ate-tlaba$$$p1$s133	atetlaba	1	0	0	1
	attlaba	0	1	1	0
ate-raba$$$p1$s134	ateraba	0	0	0	1
	atraba	1	0	1	0
ate-traba$$$p1$s135	atetraba	1	0	0	1
	attraba	0	1	1	0
ate-vaba$$$p1$s136	atevaba	0	0	0	1
	atvaba	1	0	1	0
ate-tvaba$$$p1$s137	atetvaba	1	0	0	1
	attvaba	0	1	1	0
ate-staba$$$p1$s138	atestaba	1	0	0	1
	atstaba	0	1	1	0
ate-ssaba$$$p1$s139	atessaba	1	0	0	1
	atssaba	0	1	1	0
ate-snaba$$$p1$s140	atesnaba	1	0	0	1
	atsnaba	0	1	1	0
ate-slaba$$$p1$s141	ateslaba	1	0	0	1
	atslaba	0	1	1	0
ate-sraba$$$p1$s142	atesraba	1	0	0	1
	atsraba	0	1	1	0
ate-svaba$$$p1$s143	atesvaba	1	0	0	1
	atsvaba	0	1	1	0
ate-ntaba$$$p1$s144	atentaba	1	0	0	1
	atntaba	0	1	1	0
ate-nsaba$$$p1$s145	atensaba	1	0	0	1
	atnsaba	0	1	1	0
ate-nnaba$$$p1$s146	atennaba	1	0	0	1
	atnnaba	0	1	1	0
ate-nlaba$$$p1$s147	atenlaba	1	0	0	1
	atnlaba	0	1	1	0
ate-nraba$$$p1$s148	atenraba	1	0	0	1
	atnraba	0	1	1	0
ate-nvaba$$$p1$s149	atenvaba	1	0	0	1
	atnvaba	0	1	1	0
ate-ltaba$$$p1$s150	ateltaba	1	0	0	1
	atltaba	0	1	1	0
ate-lsaba$$$p1$s151	atelsaba	1	0	0	1
	atlsaba	0	1	1	0
ate-lnaba$$$p1$s152	atelnaba	1	0	0	1
	atlnaba	0	1	1	0
ate-llaba$$$p1$s153	atellaba	1	0	0	1
	atllaba	0	1	1	0
ate-lraba$$$p1$s154	atelraba	1	0	0	1
	atlraba	0	1	1	0
ate-lvaba$$$p1$s155	atelvaba	1	0	0	1
	atlvaba	0	1	1	0
ate-rtaba$$$p1$s156	atertaba	1	0	0	1
	atrtaba	0	1	1	0
ate-rsaba$$$p1$s157	atersaba	1	0	0	1
	atrsaba	0	1	1	0
ate-rnaba$$$p1$s158	aternaba	1	0	0	1
	atrnaba	0	1	1	0
ate-rlaba$$$p1$s159	aterlaba	1	0	0	1
	atrlaba	0	1	1	0
ate-rraba$$$p1$s160	aterraba	1	0	0	1
	atrraba	0	1	1	0
ate-rvaba$$$p1$s161	atervaba	1	0	0	1
	atrvaba	0	1	1	0
ate-vtaba$$$p1$s162	atevtaba	1	0	0	1
	atvtaba	0	1	1	0
ate-vsaba$$$p1$s163	atevsaba	1	0	0	1
	atvsaba	0	1	1	0
ate-vnaba$$$p1$s164	atevnaba	1	0	0	1
	atvnaba	0	1	1	0
ate-vlaba$$$p1$s165	atevlaba	1	0	0	1
	atvlaba	0	1	1	0
ate-vraba$$$p1$s166	atevraba	1	0	0	1
	atvraba	0	1	1	0
ate-vvaba$$$p1$s167	atevvaba	1	0	0	1
	atvvaba	0	1	1	0
ate-taba$$$p1$s168	atetaba	0	0	0	1
	attaba	1	0	1	0
ate-ttaba$$$p1$s169	atettaba	1	0	0	1
	atttaba	0	1	1	0
ate-saba$$$p1$s170	atesaba	0	0	0	1
	atsaba	1	0	1	0
ate-tsaba$$$p1$s171	atetsaba	1	0	0	1
	attsaba	0	1	1	0
ate-naba$$$p1$s172	atenaba	0	0	0	1
	atnaba	1	0	1	0
ate-tnaba$$$p1$s173	atetnaba	1	0	0	1
	attnaba	0	1	1	0
ate-laba$$$p1$s174	atelaba	0	0	0	1
	atlaba	1	0	1	0
ate-tlaba$$$p1$s175	atetlaba	1	0	0	1
	attlaba	0	1	1	0
ate-raba$$$p1$s176	ateraba	0	0	0	1
	atraba	1	0	1	0
ate-traba$$$p1$s177	atetraba	1	0	0	1
	attraba	0	1	1	0
ate-vaba$$$p1$s178	atevaba	0	0	0	1
	atvaba	1	0	1	0
ate-tvaba$$$p1$s179	atetvaba	1	0	0	1
	attvaba	0	1	1	0
ate-staba$$$p1$s180	atestaba	1	0	0	1
	atstaba	0	1	1	0
ate-ssaba$$$p1$s181	atessaba	1	0	0	1
	atssaba	0	1	1	0
ate-snaba$$$p1$s182	atesnaba	1	0	0	1
	atsnaba	0	1	1	0
ate-slaba$$$p1$s183	ateslaba	1	0	0	1
	atslaba	0	1	1	0
ate-sraba$$$p1$s184	atesraba	1	0	0	1
	atsraba	0	1	1	0
ate-svaba$$$p1$s185	atesvaba	1	0	0	1
	atsvaba	0	1	1	0
ate-ntaba$$$p1$s186	atentaba	1	0	0	1
	atntaba	0	1	1	0
ate-nsaba$$$p1$s187	atensaba	1	0	0	1
	atnsaba	0	1	1	0
ate-nnaba$$$p1$s188	atennaba	1	0	0	1
	atnnaba	0	1	1	0
ate-nlaba$$$p1$s189	atenlaba	1	0	0	1
	atnlaba	0	1	1	0
ate-nraba$$$p1$s190	atenraba	1	0	0	1
	atnraba	0	1	1	0
ate-nvaba$$$p1$s191	atenvaba	1	0	0	1
	atnvaba	0	1	1	0
ate-ltaba$$$p1$s192	ateltaba	1	0	0	1
	atltaba	0	1	1	0
ate-lsaba$$$p1$s193	atelsaba	1	0	0	1
	atlsaba	0	1	1	0
ate-lnaba$$$p1$s194	atelnaba	1	0	0	1
	atlnaba	0	1	1	0
ate-llaba$$$p1$s195	atellaba	1	0	0	1
	atllaba	0	1	1	0
ate-lraba$$$p1$s196	atelraba	1	0	0	1
	atlraba	0	1	1	0
ate-lvaba$$$p1$s197	atelvaba	1	0	0	1
	atlvaba	0	1	1	0
ate-rtaba$$$p1$s198	atertaba	1	0	0	1
	atrtaba	0	1	1	0
ate-rsaba$$$p1$s199	atersaba	1	0	0	1
	atrsaba	0	1	1	0
ate-rnaba$$$p1$s200	aternaba	1	0	0	1
	atrnaba	0	1	1	0
ate-rlaba$$$p1$s201	aterlaba	1	0	0	1
	atrlaba	0	1	1	0
ate-rraba$$$p1$s202	aterraba	1	0	0	1
	atrraba	0	1	1	0
ate-rvaba$$$p1$s203	atervaba	1	0	0	1
	atrvaba	0	1	1	0
ate-vtaba$$$p1$s204	atevtaba	1	0	0	1
	atvtaba	0	1	1	0
ate-vsaba$$$p1$s205	atevsaba	1	0	0	1
	atvsaba	0	1	1	0
ate-vnaba$$$p1$s206	atevnaba	1	0	0	1
	atvnaba	0	1	1	0
ate-vlaba$$$p1$s207	atevlaba	1	0	0	1
	atvlaba	0	1	1	0
ate-vraba$$$p1$s208	atevraba	1	0	0	1
	atvraba	0	1	1	0
ate-vvaba$$$p1$s209	atevvaba	1	0	0	1
	atvvaba	0	1	1	0
ate-taba$$$p1$s210	atetaba	0	0	0	1
	attaba	1	0	1	0
ate-ttaba$$$p1$s211	atettaba	1	0	0	1
	atttaba	0	1	1	0
ate-saba$$$p1$s212	atesaba	0	0	0	1
	atsaba	1	0	1	0
ate-tsaba$$$p1$s213	atetsaba	1	0	0	1
	attsaba	0	1	1	0
ate-naba$$$p1$s214	atenaba	0	0	0	1
	atnaba	1	0	1	0
ate-tnaba$$$p1$s215	atetnaba	1	0	0	1
	attnaba	0	1	1	0
ate-laba$$$p1$s216	atelaba	0	0	0	1
	atlaba	1	0	1	0
ate-tlaba$$$p1$s217	atetlaba	1	0	0	1
	attlaba	0	1	1	0
ate-raba$$$p1$s218	ateraba	0	0	0	1
	atraba	1	0	1	0
ate-traba$$$p1$s219	atetraba	1	0	0	1
	attraba	0	1	1	0
ate-vaba$$$p1$s220	atevaba	0	0	0	1
	atvaba	1	0	1	0
ate-tvaba$$$p1$s221	atetvaba	1	0	0	1
	attvaba	0	1	1	0
ate-staba$$$p1$s222	atestaba	1	0	0	1
	atstaba	0	1	1	0
ate-ssaba$$$p1$s223	atessaba	1	0	0	1
	atssaba	0	1	1	0
ate-snaba$$$p1$s224	atesnaba	1	0	0	1
	atsnaba	0	1	1	0
ate-slaba$$$p1$s225	ateslaba	1	0	0	1
	atslaba	0	1	1	0
ate-sraba$$$p1$s226	atesraba	1	0	0	1
	atsraba	0	1	1	0
ate-svaba$$$p1$s227	atesvaba	1	0	0	1
	atsvaba	0	1	1	0
ate-ntaba$$$p1$s228	atentaba	1	0	0	1
	atntaba	0	1	1	0
ate-nsaba$$$p1$s229	atensaba	1	0	0	1
	atnsaba	0	1	1	0
ate-nnaba$$$p1$s230	atennaba	1	0	0	1
	atnnaba	0	1	1	0
ate-nlaba$$$p1$s231	atenlaba	1	0	0	1
	atnlaba	0	1	1	0
ate-nraba$$$p1$s232	atenraba	1	0	0	1
	atnraba	0	1	1	0
ate-nvaba$$$p1$s233	atenvaba	1	0	0	1
	atnvaba	0	1	1	0
ate-ltaba$$$p1$s234	ateltaba	1	0	0	1
	atltaba	0	1	1	0
ate-lsaba$$$p1$s235	atelsaba	1	0	0	1
	atlsaba	0	1	1	0
ate-lnaba$$$p1$s236	atelnaba	1	0	0	1
	atlnaba	0	1	1	0
ate-llaba$$$p1$s237	atellaba	1	0	0	1
	atllaba	0	1	1	0
ate-lraba$$$p1$s238	atelraba	1	0	0	1
	atlraba	0	1	1	0
ate-lvaba$$$p1$s239	atelvaba	1	0	0	1
	atlvaba	0	1	1	0
ate-rtaba$$$p1$s240	atertaba	1	0	0	1
	atrtaba	0	1	1	0
ate-rsaba$$$p1$s241	atersaba	1	0	0	1
	atrsaba	0	1	1	0
ate-rnaba$$$p1$s242	aternaba	1	0	0	1
	atrnaba	0	1	1	0
ate-rlaba$$$p1$s243	aterlaba	1	0	0	1
	atrlaba	0	1	1	0
ate-rraba$$$p1$s244	aterraba	1	0	0	1
	atrraba	0	1	1	0
ate-rvaba$$$p1$s245	atervaba	1	0	0	1
	atrvaba	0	1	1	0
ate-vtaba$$$p1$s246	atevtaba	1	0	0	1
	atvtaba	0	1	1	0
ate-vsaba$$$p1$s247	atevsaba	1	0	0	1
	atvsaba	0	1	1	0
ate-vnaba$$$p1$s248	atevnaba	1	0	0	1
	atvnaba	0	1	1	0
ate-vlaba$$$p1$s249	atevlaba	1	0	0	1
	atvlaba	0	1	1	0
ate-vraba$$$p1$s250	atevraba	1	0	0	1
	atvraba	0	1	1	0
ate-vvaba$$$p1$s251	atevvaba	1	0	0	1
	atvvaba	0	1	1	0
ate-taba$$$p1$s252	atetaba	0	0	0	1
	attaba	1	0	1	0
ate-ttaba$$$p1$s253	atettaba	1	0	0	1
	atttaba	0	1	1	0
ate-saba$$$p1$s254	atesaba	0	0	0	1
	atsaba	1	0	1	0
ate-tsaba$$$p1$s255	atetsaba	1	0	0	1
	attsaba	0	1	1	0
ate-naba$$$p1$s256	atenaba	0	0	0	1
	atnaba	1	0	1	0
ate-tnaba$$$p1$s257	atetnaba	1	0	0	1
	attnaba	0	1	1	0
ate-laba$$$p1$s258	atelaba	0	0	0	1
	atlaba	1	0	1	0
ate-tlaba$$$p1$s259	atetlaba	1	0	0	1
	attlaba	0	1	1	0
ate-raba$$$p1$s260	ateraba	0	0	0	1
	atraba	1	0	1	0
ate-traba$$$p1$s261	atetraba	1	0	0	1
	attraba	0	1	1	0
ate-vaba$$$p1$s262	atevaba	0	0	0	1
	atvaba	1	0	1	0
ate-tvaba$$$p1$s263	atetvaba	1	0	0	1
	attvaba	0	1	1	0
ate-staba$$$p1$s264	atestaba	1	0	0	1
	atstaba	0	1	1	0
ate-ssaba$$$p1$s265	atessaba	1	0	0	1
	atssaba	0	1	1	0
ate-snaba$$$p1$s266	atesnaba	1	0	0	1
	atsnaba	0	1	1	0
ate-slaba$$$p1$s267	ateslaba	1	0	0	1
	atslaba	0	1	1	0
ate-sraba$$$p1$s268	atesraba	1	0	0	1
	atsraba	0	1	1	0
ate-svaba$$$p1$s269	atesvaba	1	0	0	1
	atsvaba	0	1	1	0
ate-ntaba$$$p1$s270	atentaba	1	0	0	1
	atntaba	0	1	1	0
ate-nsaba$$$p1$s271	atensaba	1	0	0	1
	atnsaba	0	1	1	0
ate-nnaba$$$p1$s272	atennaba	1	0	0	1
	atnnaba	0	1	1	0
ate-nlaba$$$p1$s273	atenlaba	1	0	0	1
	atnlaba	0	1	1	0
ate-nraba$$$p1$s274	atenraba	1	0	0	1
	atnraba	0	1	1	0
ate-nvaba$$$p1$s275	atenvaba	1	0	0	1
	atnvaba	0	1	1	0
ate-ltaba$$$p1$s276	ateltaba	1	0	0	1
	atltaba	0	1	1	0
ate-lsaba$$$p1$s277	atelsaba	1	0	0	1
	atlsaba	0	1	1	0
ate-lnaba$$$p1$s278	atelnaba	1	0	0	1
	atlnaba	0	1	1	0
ate-llaba$$$p1$s279	atellaba	1	0	0	1
	atllaba	0	1	1	0
ate-lraba$$$p1$s280	atelraba	1	0	0	1
	atlraba	0	1	1	0
ate-lvaba$$$p1$s281	atelvaba	1	0	0	1
	atlvaba	0	1	1	0
ate-rtaba$$$p1$s282	atertaba	1	0	0	1
	atrtaba	0	1	1	0
ate-rsaba$$$p1$s283	atersaba	1	0	0	1
	atrsaba	0	1	1	0
ate-rnaba$$$p1$s284	aternaba	1	0	0	1
	atrnaba	0	1	1	0
ate-rlaba$$$p1$s285	aterlaba	1	0	0	1
	atrlaba	0	1	1	0
ate-rraba$$$p1$s286	aterraba	1	0	0	1
	atrraba	0	1	1	0
ate-rvaba$$$p1$s287	atervaba	1	0	0	1
	atrvaba	0	1	1	0
ate-vtaba$$$p1$s288	atevtaba	1	0	0	1
	atvtaba	0	1	1	0
ate-vsaba$$$p1$s289	atevsaba	1	0	0	1
	atvsaba	0	1	1	0
ate-vnaba$$$p1$s290	atevnaba	1	0	0	1
	atvnaba	0	1	1	0
ate-vlaba$$$p1$s291	atevlaba	1	0	0	1
	atvlaba	0	1	1	0
ate-vraba$$$p1$s292	atevraba	1	0	0	1
	atvraba	0	1	1	0
ate-vvaba$$$p1$s293	atevvaba	1	0	0	1
	atvvaba	0	1	1	0
ate-taba$$$p1$s294	atetaba	0	0	0	1
	attaba	1	0	1	0
ate-ttaba$$$p1$s295	atettaba	1	0	0	1
	atttaba	0	1	1	0
ate-saba$$$p1$s296	atesaba	0	0	0	1
	atsaba	1	0	1	0
ate-tsaba$$$p1$s297	atetsaba	1	0	0	1
	attsaba	0	1	1	0
ate-naba$$$p1$s298	atenaba	0	0	0	1
	atnaba	1	0	1	0
ate-tnaba$$$p1$s299	atetnaba	1	0	0	1
	attnaba	0	1	1	0
ate-laba$$$p1$s300	atelaba	0	0	0	1
	atlaba	1	0	1	0
ate-tlaba$$$p1$s301	atetlaba	1	0	0	1
	attlaba	0	1	1	0
ate-raba$$$p1$s302	ateraba	0	0	0	1
	atraba	1	0	1	0
ate-traba$$$p1$s303	atetraba	1	0	0	1
	attraba	0	1	1	0
ate-vaba$$$p1$s304	atevaba	0	0	0	1
	atvaba	1	0	1	0
ate-tvaba$$$p1$s305	atetvaba	1	0	0	1
	attvaba	0	1	1	0
ate-staba$$$p1$s306	atestaba	1	0	0	1
	atstaba	0	1	1	0
ate-ssaba$$$p1$s307	atessaba	1	0	0	1
	atssaba	0	1	1	0
ate-snaba$$$p1$s308	atesnaba	1	0	0	1
	atsnaba	0	1	1	0
ate-slaba$$$p1$s309	ateslaba	1	0	0	1
	atslaba	0	1	1	0
ate-sraba$$$p1$s310	atesraba	1	0	0	1
	atsraba	0	1	1	0
ate-svaba$$$p1$s311	atesvaba	1	0	0	1
	atsvaba	0	1	1	0
ate-ntaba$$$p1$s312	atentaba	1	0	0	1
	atntaba	0	1	1	0
ate-nsaba$$$p1$s313	atensaba	1	0	0	1
	atnsaba	0	1	1	0
ate-nnaba$$$p1$s314	atennaba	1	0	0	1
	atnnaba	0	1	1	0
ate-nlaba$$$p1$s315	atenlaba	1	0	0	1
	atnlaba	0	1	1	0
ate-nraba$$$p1$s316	atenraba	1	0	0	1
	atnraba	0	1	1	0
ate-nvaba$$$p1$s317	atenvaba	1	0	0	1
	atnvaba	0	1	1	0
ate-ltaba$$$p1$s318	ateltaba	1	0	0	1
	atltaba	0	1	1	0
ate-lsaba$$$p1$s319	atelsaba	1	0	0	1
	atlsaba	0	1	1	0
ate-lnaba$$$p1$s320	atelnaba	1	0	0	1
	atlnaba	0	1	1	0
ate-llaba$$$p1$s321	atellaba	1	0	0	1
	atllaba	0	1	1	0
ate-lraba$$$p1$s322	atelraba	1	0	0	1
	atlraba	0	1	1	0
ate-lvaba$$$p1$s323	atelvaba	1	0	0	1
	atlvaba	0	1	1	0
ate-rtaba$$$p1$s324	atertaba	1	0	0	1
	atrtaba	0	1	1	0
ate-rsaba$$$p1$s325	atersaba	1	0	0	1
	atrsaba	0	1	1	0
ate-rnaba$$$p1$s326	aternaba	1	0	0	1
	atrnaba	0	1	1	0
ate-rlaba$$$p1$s327	aterlaba	1	0	0	1
	atrlaba	0	1	1	0
ate-rraba$$$p1$s328	aterraba	1	0	0	1
	atrraba	0	1	1	0
ate-rvaba$$$p1$s329	atervaba	1	0	0	1
	atrvaba	0	1	1	0
ate-vtaba$$$p1$s330	atevtaba	1	0	0	1
	atvtaba	0	1	1	0
ate-vsaba$$$p1$s331	atevsaba	1	0	0	1
	atvsaba	0	1	1	0
ate-vnaba$$$p1$s332	atevnaba	1	0	0	1
	atvnaba	0	1	1	0
ate-vlaba$$$p1$s333	atevlaba	1	0	0	1
	atvlaba	0	1	1	0
ate-vraba$$$p1$s334	atevraba	1	0	0	1
	atvraba	0	1	1	0
ate-vvaba$$$p1$s335	atevvaba	1	0	0	1
	atvvaba	0	1	1	0
ate-taba$$$p1$s336	atetaba	0	0	0	1
	attaba	1	0	1	0
ate-ttaba$$$p1$s337	atettaba	1	0	0	1
	atttaba	0	1	1	0
ate-saba$$$p1$s338	atesaba	0	0	0	1
	atsaba	1	0	1	0
ate-tsaba$$$p1$s339	atetsaba	1	0	0	1
	attsaba	0	1	1	0
ate-naba$$$p1$s340	atenaba	0	0	0	1
	atnaba	1	0	1	0
ate-tnaba$$$p1$s341	atetnaba	1	0	0	1
	attnaba	0	1	1	0
ate-laba$$$p1$s342	atelaba	0	0	0	1
	atlaba	1	0	1	0
ate-tlaba$$$p1$s343	atetlaba	1	0	0	1
	attlaba	0	1	1	0
ate-raba$$$p1$s344	ateraba	0	0	0	1
	atraba	1	0	1	0
ate-traba$$$p1$s345	atetraba	1	0	0	1
	attraba	0	1	1	0
ate-vaba$$$p1$s346	atevaba	0	0	0	1
	atvaba	1	0	1	0
ate-tvaba$$$p1$s347	atetvaba	1	0	0	1
	attvaba	0	1	1	0
ate-staba$$$p1$s348	atestaba	1	0	0	1
	atstaba	0	1	1	0
ate-ssaba$$$p1$s349	atessaba	1	0	0	1
	atssaba	0	1	1	0
ate-snaba$$$p1$s350	atesnaba	1	0	0	1
	atsnaba	0	1	1	0
ate-slaba$$$p1$s351	ateslaba	1	0	0	1
	atslaba	0	1	1	0
ate-sraba$$$p1$s352	atesraba	1	0	0	1
	atsraba	0	1	1	0
ate-svaba$$$p1$s353	atesvaba	1	0	0	1
	atsvaba	0	1	1	0
ate-ntaba$$$p1$s354	atentaba	1	0	0	1
	atntaba	0	1	1	0
ate-nsaba$$$p1$s355	atensaba	1	0	0	1
	atnsaba	0	1	1	0
ate-nnaba$$$p1$s356	atennaba	1	0	0	1
	atnnaba	0	1	1	0
ate-nlaba$$$p1$s357	atenlaba	1	0	0	1
	atnlaba	0	1	1	0
ate-nraba$$$p1$s358	atenraba	1	0	0	1
	atnraba	0	1	1	0
ate-nvaba$$$p1$s359	atenvaba	1	0	0	1
	atnvaba	0	1	1	0
ate-ltaba$$$p1$s360	ateltaba	1	0	0	1
	atltaba	0	1	1	0
ate-lsaba$$$p1$s361	atelsaba	1	0	0	1
	atlsaba	0	1	1	0
ate-lnaba$$$p1$s362	atelnaba	1	0	0	1
	atlnaba	0	1	1	0
ate-llaba$$$p1$s363	atellaba	1	0	0	1
	atllaba	0	1	1	0
ate-lraba$$$p1$s364	atelraba	1	0	0	1
	atlraba	0	1	1	0
ate-lvaba$$$p1$s365	atelvaba	1	0	0	1
	atlvaba	0	1	1	0
ate-rtaba$$$p1$s366	atertaba	1	0	0	1
	atrtaba	0	1	1	0
ate-rsaba$$$p1$s367	atersaba	1	0	0	1
	atrsaba	0	1	1	0
ate-rnaba$$$p1$s368	aternaba	1	0	0	1
	atrnaba	0	1	1	0
ate-rlaba$$$p1$s369	aterlaba	1	0	0	1
	atrlaba	0	1	1	0
ate-rraba$$$p1$s370	aterraba	1	0	0	1
	atrraba	0	1	1	0
ate-rvaba$$$p1$s371	atervaba	1	0	0	1
	atrvaba	0	1	1	0
ate-vtaba$$$p1$s372	atevtaba	1	0	0	1
	atvtaba	0	1	1	0
ate-vsaba$$$p1$s373	atevsaba	1	0	0	1
	atvsaba	0	1	1	0
ate-vnaba$$$p1$s374	atevnaba	1	0	0	1
	atvnaba	0	1	1	0
ate-vlaba$$$p1$s375	atevlaba	1	0	0	1
	atvlaba	0	1	1	0
ate-vraba$$$p1$s376	atevraba	1	0	0	1
	atvraba	0	1	1	0
ate-vvaba$$$p1$s377	atevvaba	1	0	0	1
	atvvaba	0	1	1	0
ate-taba$$$p1$s378	atetaba	0	0	0	1
	attaba	1	0	1	0
ate-ttaba$$$p1$s379	atettaba	1	0	0	1
	atttaba	0	1	1	0
ate-saba$$$p1$s380	atesaba	0	0	0	1
	atsaba	1	0	1	0
ate-tsaba$$$p1$s381	atetsaba	1	0	0	1
	attsaba	0	1	1	0
ate-naba$$$p1$s382	atenaba	0	0	0	1
	atnaba	1	0	1	0
ate-tnaba$$$p1$s383	atetnaba	1	0	0	1
	attnaba	0	1	1	0
ate-laba$$$p1$s384	atelaba	0	0	0	1
	atlaba	1	0	1	0
ate-tlaba$$$p1$s385	atetlaba	1	0	0	1
	attlaba	0	1	1	0
ate-raba$$$p1$s386	ateraba	0	0	0	1
	atraba	1	0	1	0
ate-traba$$$p1$s387	atetraba	1	0	0	1
	attraba	0	1	1	0
ate-vaba$$$p1$s388	atevaba	0	0	0	1
	atvaba	1	0	1	0
ate-tvaba$$$p1$s389	atetvaba	1	0	0	1
	attvaba	0	1	1	0
ate-staba$$$p1$s390	atestaba	1	0	0	1
	atstaba	0	1	1	0
ate-ssaba$$$p1$s391	atessaba	1	0	0	1
	atssaba	0	1	1	0
ate-snaba$$$p1$s392	atesnaba	1	0	0	1
	atsnaba	0	1	1	0
ate-slaba$$$p1$s393	ateslaba	1	0	0	1
	atslaba	0	1	1	0
ate-sraba$$$p1$s394	atesraba	1	0	0	1
	atsraba	0	1	1	0
ate-svaba$$$p1$s395	atesvaba	1	0	0	1
	atsvaba	0	1	1	0
ate-ntaba$$$p1$s396	atentaba	1	0	0	1
	atntaba	0	1	1	0
ate-nsaba$$$p1$s397	atensaba	1	0	0	1
	atnsaba	0	1	1	0
ate-nnaba$$$p1$s398	atennaba	1	0	0	1
	atnnaba	0	1	1	0
ate-nlaba$$$p1$s399	atenlaba	1	0	0	1
	atnlaba	0	1	1	0
ate-nraba$$$p1$s400	atenraba	1	0	0	1
	atnraba	0	1	1	0
ate-nvaba$$$p1$s401	atenvaba	1	0	0	1
	atnvaba	0	1	1	0
ate-ltaba$$$p1$s402	ateltaba	1	0	0	1
	atltaba	0	1	1	0
ate-lsaba$$$p1$s403	atelsaba	1	0	0	1
	atlsaba	0	1	1	0
ate-lnaba$$$p1$s404	atelnaba	1	0	0	1
	atlnaba	0	1	1	0
ate-llaba$$$p1$s405	atellaba	1	0	0	1
	atllaba	0	1	1	0
ate-lraba$$$p1$s406	atelraba	1	0	0	1
	atlraba	0	1	1	0
ate-lvaba$$$p1$s407	atelvaba	1	0	0	1
	atlvaba	0	1	1	0
ate-rtaba$$$p1$s408	atertaba	1	0	0	1
	atrtaba	0	1	1	0
ate-rsaba$$$p1$s409	atersaba	1	0	0	1
	atrsaba	0	1	1	0
ate-rnaba$$$p1$s410	aternaba	1	0	0	1
	atrnaba	0	1	1	0
ate-rlaba$$$p1$s411	aterlaba	1	0	0	1
	atrlaba	0	1	1	0
ate-rraba$$$p1$s412	aterraba	1	0	0	1
	atrraba	0	1	1	0
ate-rvaba$$$p1$s413	atervaba	1	0	0	1
	atrvaba	0	1	1	0
ate-vtaba$$$p1$s414	atevtaba	1	0	0	1
	atvtaba	0	1	1	0
ate-vsaba$$$p1$s415	atevsaba	1	0	0	1
	atvsaba	0	1	1	0
ate-vnaba$$$p1$s416	atevnaba	1	0	0	1
	atvnaba	0	1	1	0
ate-vlaba$$$p1$s417	atevlaba	1	0	0	1
	atvlaba	0	1	1	0
ate-vraba$$$p1$s418	atevraba	1	0	0	1
	atvraba	0	1	1	0
ate-vvaba$$$p1$s419	atevvaba	1	0	0	1
	atvvaba	0	1	1	0
ake-taba$$$p2$s0	aketaba	0	0	0	1
	aktaba	1	0	1	0
ake-ttaba$$$p2$s1	akettaba	1	0	0	1
	akttaba	0	1	1	0
ake-saba$$$p2$s2	akesaba	0	0	0	1
	aksaba	1	0	1	0
ake-tsaba$$$p2$s3	aketsaba	1	0	0	1
	aktsaba	0	1	1	0
ake-naba$$$p2$s4	akenaba	0	0	0	1
	aknaba	1	0	1	0
ake-tnaba$$$p2$s5	aketnaba	1	0	0	1
	aktnaba	0	1	1	0
ake-laba$$$p2$s6	akelaba	0	0	0	1
	aklaba	1	0	1	0
ake-tlaba$$$p2$s7	aketlaba	1	0	0	1
	aktlaba	0	1	1	0
ake-raba$$$p2$s8	akeraba	0	0	0	1
	akraba	1	0	1	0
ake-traba$$$p2$s9	aketraba	1	0	0	1
	aktraba	0	1	1	0
ake-vaba$$$p2$s10	akevaba	0	0	0	1
	akvaba	1	0	1	0
ake-tvaba$$$p2$s11	aketvaba	1	0	0	1
	aktvaba	0	1	1	0
ake-staba$$$p2$s12	akestaba	1	0	0	1
	akstaba	0	1	1	0
ake-ssaba$$$p2$s13	akessaba	1	0	0	1
	akssaba	0	1	1	0
ake-snaba$$$p2$s14	akesnaba	1	0	0	1
	aksnaba	0	1	1	0
ake-slaba$$$p2$s15	akeslaba	1	0	0	1
	akslaba	0	1	1	0
ake-sraba$$$p2$s16	akesraba	1	0	0	1
	aksraba	0	1	1	0
ake-svaba$$$p2$s17	akesvaba	1	0	0	1
	aksvaba	0	1	1	0
ake-ntaba$$$p2$s18	akentaba	1	0	0	1
	akntaba	0	1	1	0
ake-nsaba$$$p2$s19	akensaba	1	0	0	1
	aknsaba	0	1	1	0
ake-nnaba$$$p2$s20	akennaba	1	0	0	1
	aknnaba	0	1	1	0
ake-nlaba$$$p2$s21	akenlaba	1	0	0	1
	aknlaba	0	1	1	0
ake-nraba$$$p2$s22	akenraba	1	0	0	1
	aknraba	0	1	1	0
ake-nvaba$$$p2$s23	akenvaba	1	0	0	1
	aknvaba	0	1	1	0
ake-ltaba$$$p2$s24	akeltaba	1	0	0	1
	akltaba	0	1	1	0
ake-lsaba$$$p2$s25	akelsaba	1	0	0	1
	aklsaba	0	1	1	0
ake-lnaba$$$p2$s26	akelnaba	1	0	0	1
	aklnaba	0	1	1	0
ake-llaba$$$p2$s27	akellaba	1	0	0	1
	akllaba	0	1	1	0
ake-lraba$$$p2$s28	akelraba	1	0	0	1
	aklraba	0	1	1	0
ake-lvaba$$$p2$s29	akelvaba	1	0	0	1
	aklvaba	0	1	1	0
ake-rtaba$$$p2$s30	akertaba	1	0	0	1
	akrtaba	0	1	1	0
ake-rsaba$$$p2$s31	akersaba	1	0	0	1
	akrsaba	0	1	1	0
ake-rnaba$$$p2$s32	akernaba	1	0	0	1
	akrnaba	0	1	1	0
ake-rlaba$$$p2$s33	akerlaba	1	0	0	1
	akrlaba	0	1	1	0
ake-rraba$$$p2$s34	akerraba	1	0	0	1
	akrraba	0	1	1	0
ake-rvaba$$$p2$s35	akervaba	1	0	0	1
	akrvaba	0	1	1	0
ake-vtaba$$$p2$s36	akevtaba	1	0	0	1
	akvtaba	0	1	1	0
ake-vsaba$$$p2$s37	akevsaba	1	0	0	1
	akvsaba	0	1	1	0
ake-vnaba$$$p2$s38	akevnaba	1	0	0	1
	akvnaba	0	1	1	0
ake-vlaba$$$p2$s39	akevlaba	1	0	0	1
	akvlaba	0	1	1	0
ake-vraba$$$p2$s40	akevraba	1	0	0	1
	akvraba	0	1	1	0
ake-vvaba$$$p2$s41	akevvaba	1	0	0	1
	akvvaba	0	1	1	0
ake-taba$$$p2$s42	aketaba	0	0	0	1
	aktaba	1	0	1	0
ake-ttaba$$$p2$s43	akettaba	1	0	0	1
	akttaba	0	1	1	0
ake-saba$$$p2$s44	akesaba	0	0	0	1
	aksaba	1	0	1	0
ake-tsaba$$$p2$s45	aketsaba	1	0	0	1
	aktsaba	0	1	1	0
ake-naba$$$p2$s46	akenaba	0	0	0	1
	aknaba	1	0	1	0
ake-tnaba$$$p2$s47	aketnaba	1	0	0	1
	aktnaba	0	1	1	0
ake-laba$$$p2$s48	akelaba	0	0	0	1
	aklaba	1	0	1	0
ake-tlaba$$$p2$s49	aketlaba	1	0	0	1
	aktlaba	0	1	1	0
ake-raba$$$p2$s50	akeraba	0	0	0	1
	akraba	1	0	1	0
ake-traba$$$p2$s51	aketraba	1	0	0	1
	aktraba	0	1	1	0
ake-vaba$$$p2$s52	akevaba	0	0	0	1
	akvaba	1	0	1	0
ake-tvaba$$$p2$s53	aketvaba	1	0	0	1
	aktvaba	0	1	1	0
ake-staba$$$p2$s54	akestaba	1	0	0	1
	akstaba	0	1	1	0
ake-ssaba$$$p2$s55	akessaba	1	0	0	1
	akssaba	0	1	1	0
ake-snaba$$$p2$s56	akesnaba	1	0	0	1
	aksnaba	0	1	1	0
ake-slaba$$$p2$s57	akeslaba	1	0	0	1
	akslaba	0	1	1	0
ake-sraba$$$p2$s58	akesraba	1	0	0	1
	aksraba	0	1	1	0
ake-svaba$$$p2$s59	akesvaba	1	0	0	1
	aksvaba	0	1	1	0
ake-ntaba$$$p2$s60	akentaba	1	0	0	1
	akntaba	0	1	1	0
ake-nsaba$$$p2$s61	akensaba	1	0	0	1
	aknsaba	0	1	1	0
ake-nnaba$$$p2$s62	akennaba	1	0	0	1
	aknnaba	0	1	1	0
ake-nlaba$$$p2$s63	akenlaba	1	0	0	1
	aknlaba	0	1	1	0
ake-nraba$$$p2$s64	akenraba	1	0	0	1
	aknraba	0	1	1	0
ake-nvaba$$$p2$s65	akenvaba	1	0	0	1
	aknvaba	0	1	1	0
ake-ltaba$$$p2$s66	akeltaba	1	0	0	1
	akltaba	0	1	1	0
ake-lsaba$$$p2$s67	akelsaba	1	0	0	1
	aklsaba	0	1	1	0
ake-lnaba$$$p2$s68	akelnaba	1	0	0	1
	aklnaba	0	1	1	0
ake-llaba$$$p2$s69	akellaba	1	0	0	1
	akllaba	0	1	1	0
ake-lraba$$$p2$s70	akelraba	1	0	0	1
	aklraba	0	1	1	0
ake-lvaba$$$p2$s71	akelvaba	1	0	0	1
	aklvaba	0	1	1	0
ake-rtaba$$$p2$s72	akertaba	1	0	0	1
	akrtaba	0	1	1	0
ake-rsaba$$$p2$s73	akersaba	1	0	0	1
	akrsaba	0	1	1	0
ake-rnaba$$$p2$s74	akernaba	1	0	0	1
	akrnaba	0	1	1	0
ake-rlaba$$$p2$s75	akerlaba	1	0	0	1
	akrlaba	0	1	1	0
ake-rraba$$$p2$s76	akerraba	1	0	0	1
	akrraba	0	1	1	0
ake-rvaba$$$p2$s77	akervaba	1	0	0	1
	akrvaba	0	1	1	0
ake-vtaba$$$p2$s78	akevtaba	1	0	0	1
	akvtaba	0	1	1	0
ake-vsaba$$$p2$s79	akevsaba	1	0	0	1
	akvsaba	0	1	1	0
ake-vnaba$$$p2$s80	akevnaba	1	0	0	1
	akvnaba	0	1	1	0
ake-vlaba$$$p2$s81	akevlaba	1	0	0	1
	akvlaba	0	1	1	0
ake-vraba$$$p2$s82	akevraba	1	0	0	1
	akvraba	0	1	1	0
ake-vvaba$$$p2$s83	akevvaba	1	0	0	1
	akvvaba	0	1	1	0
ake-taba$$$p2$s84	aketaba	0	0	0	1
	aktaba	1	0	1	0
ake-ttaba$$$p2$s85	akettaba	1	0	0	1
	akttaba	0	1	1	0
ake-saba$$$p2$s86	akesaba	0	0	0	1
	aksaba	1	0	1	0
ake-tsaba$$$p2$s87	aketsaba	1	0	0	1
	aktsaba	0	1	1	0
ake-naba$$$p2$s88	akenaba	0	0	0	1
	aknaba	1	0	1	0
ake-tnaba$$$p2$s89	aketnaba	1	0	0	1
	aktnaba	0	1	1	0
ake-laba$$$p2$s90	akelaba	0	0	0	1
	aklaba	1	0	1	0
ake-tlaba$$$p2$s91	aketlaba	1	0	0	1
	aktlaba	0	1	1	0
ake-raba$$$p2$s92	akeraba	0	0	0	1
	akraba	1	0	1	0
ake-traba$$$p2$s93	aketraba	1	0	0	1
	aktraba	0	1	1	0
ake-vaba$$$p2$s94	akevaba	0	0	0	1
	akvaba	1	0	1	0
ake-tvaba$$$p2$s95	aketvaba	1	0	0	1
	aktvaba	0	1	1	0
ake-staba$$$p2$s96	akestaba	1	0	0	1
	akstaba	0	1	1	0
ake-ssaba$$$p2$s97	akessaba	1	0	0	1
	akssaba	0	1	1	0
ake-snaba$$$p2$s98	akesnaba	1	0	0	1
	aksnaba	0	1	1	0
ake-slaba$$$p2$s99	akeslaba	1	0	0	1
	akslaba	0	1	1	0
ake-sraba$$$p2$s100	akesraba	1	0	0	1
	aksraba	0	1	1	0
ake-svaba$$$p2$s101	akesvaba	1	0	0	1
	aksvaba	0	1	1	0
ake-ntaba$$$p2$s102	akentaba	1	0	0	1
	akntaba	0	1	1	0
ake-nsaba$$$p2$s103	akensaba	1	0	0	1
	aknsaba	0	1	1	0
ake-nnaba$$$p2$s104	akennaba	1	0	0	1
	aknnaba	0	1	1	0
ake-nlaba$$$p2$s105	akenlaba	1	0	0	1
	aknlaba	0	1	1	0
ake-nraba$$$p2$s106	akenraba	1	0	0	1
	aknraba	0	1	1	0
ake-nvaba$$$p2$s107	akenvaba	1	0	0	1
	aknvaba	0	1	1	0
ake-ltaba$$$p2$s108	akeltaba	1	0	0	1
	akltaba	0	1	1	0
ake-lsaba$$$p2$s109	akelsaba	1	0	0	1
	aklsaba	0	1	1	0
ake-lnaba$$$p2$s110	akelnaba	1	0	0	1
	aklnaba	0	1	1	0
ake-llaba$$$p2$s111	akellaba	1	0	0	1
	akllaba	0	1	1	0
ake-lraba$$$p2$s112	akelraba	1	0	0	1
	aklraba	0	1	1	0
ake-lvaba$$$p2$s113	akelvaba	1	0	0	1
	aklvaba	0	1	1	0
ake-rtaba$$$p2$s114	akertaba	1	0	0	1
	akrtaba	0	1	1	0
ake-rsaba$$$p2$s115	akersaba	1	0	0	1
	akrsaba	0	1	1	0
ake-rnaba$$$p2$s116	akernaba	1	0	0	1
	akrnaba	0	1	1	0
ake-rlaba$$$p2$s117	akerlaba	1	0	0	1
	akrlaba	0	1	1	0
ake-rraba$$$p2$s118	akerraba	1	0	0	1
	akrraba	0	1	1	0
ake-rvaba$$$p2$s119	akervaba	1	0	0	1
	akrvaba	0	1	1	0
ake-vtaba$$$p2$s120	akevtaba	1	0	0	1
	akvtaba	0	1	1	0
ake-vsaba$$$p2$s121	akevsaba	1	0	0	1
	akvsaba	0	1	1	0
ake-vnaba$$$p2$s122	akevnaba	1	0	0	1
	akvnaba	0	1	1	0
ake-vlaba$$$p2$s123	akevlaba	1	0	0	1
	akvlaba	0	1	1	0
ake-vraba$$$p2$s124	akevraba	1	0	0	1
	akvraba	0	1	1	0
ake-vvaba$$$p2$s125	akevvaba	1	0	0	1
	akvvaba	0	1	1	0
ake-taba$$$p2$s126	aketaba	0	0	0	1
	aktaba	1	0	1	0
ake-ttaba$$$p2$s127	akettaba	1	0	0	1
	akttaba	0	1	1	0
ake-saba$$$p2$s128	akesaba	0	0	0	1
	aksaba	1	0	1	0
ake-tsaba$$$p2$s129	aketsaba	1	0	0	1
	aktsaba	0	1	1	0
ake-naba$$$p2$s130	akenaba	0	0	0	1
	aknaba	1	0	1	0
ake-tnaba$$$p2$s131	aketnaba	1	0	0	1
	aktnaba	0	1	1	0
ake-laba$$$p2$s132	akelaba	0	0	0	1
	aklaba	1	0	1	0
ake-tlaba$$$p2$s133	aketlaba	1	0	0	1
	aktlaba	0	1	1	0
ake-raba$$$p2$s134	akeraba	0	0	0	1
	akraba	1	0	1	0
ake-traba$$$p2$s135	aketraba	1	0	0	1
	aktraba	0	1	1	0
ake-vaba$$$p2$s136	akevaba	0	0	0	1
	akvaba	1	0	1	0
ake-tvaba$$$p2$s137	aketvaba	1	0	0	1
	aktvaba	0	1	1	0
ake-staba$$$p2$s138	akestaba	1	0	0	1
	akstaba	0	1	1	0
ake-ssaba$$$p2$s139	akessaba	1	0	0	1
	akssaba	0	1	1	0
ake-snaba$$$p2$s140	akesnaba	1	0	0	1
	aksnaba	0	1	1	0
ake-slaba$$$p2$s141	akeslaba	1	0	0	1
	akslaba	0	1	1	0
ake-sraba$$$p2$s142	akesraba	1	0	0	1
	aksraba	0	1	1	0
ake-svaba$$$p2$s143	akesvaba	1	0	0	1
	aksvaba	0	1	1	0
ake-ntaba$$$p2$s144	akentaba	1	0	0	1
	akntaba	0	1	1	0
ake-nsaba$$$p2$s145	akensaba	1	0	0	1
	aknsaba	0	1	1	0
ake-nnaba$$$p2$s146	akennaba	1	0	0	1
	aknnaba	0	1	1	0
ake-nlaba$$$p2$s147	akenlaba	1	0	0	1
	aknlaba	0	1	1	0
ake-nraba$$$p2$s148	akenraba	1	0	0	1
	aknraba	0	1	1	0
ake-nvaba$$$p2$s149	akenvaba	1	0	0	1
	aknvaba	0	1	1	0
ake-ltaba$$$p2$s150	akeltaba	1	0	0	1
	akltaba	0	1	1	0
ake-lsaba$$$p2$s151	akelsaba	1	0	0	1
	aklsaba	0	1	1	0
ake-lnaba$$$p2$s152	akelnaba	1	0	0	1
	aklnaba	0	1	1	0
ake-llaba$$$p2$s153	akellaba	1	0	0	1
	akllaba	0	1	1	0
ake-lraba$$$p2$s154	akelraba	1	0	0	1
	aklraba	0	1	1	0
ake-lvaba$$$p2$s155	akelvaba	1	0	0	1
	aklvaba	0	1	1	0
ake-rtaba$$$p2$s156	akertaba	1	0	0	1
	akrtaba	0	1	1	0
ake-rsaba$$$p2$s157	akersaba	1	0	0	1
	akrsaba	0	1	1	0
ake-rnaba$$$p2$s158	akernaba	1	0	0	1
	akrnaba	0	1	1	0
ake-rlaba$$$p2$s159	akerlaba	1	0	0	1
	akrlaba	0	1	1	0
ake-rraba$$$p2$s160	akerraba	1	0	0	1
	akrraba	0	1	1	0
ake-rvaba$$$p2$s161	akervaba	1	0	0	1
	akrvaba	0	1	1	0
ake-vtaba$$$p2$s162	akevtaba	1	0	0	1
	akvtaba	0	1	1	0
ake-vsaba$$$p2$s163	akevsaba	1	0	0	1
	akvsaba	0	1	1	0
ake-vnaba$$$p2$s164	akevnaba	1	0	0	1
	akvnaba	0	1	1	0
ake-vlaba$$$p2$s165	akevlaba	1	0	0	1
	akvlaba	0	1	1	0
ake-vraba$$$p2$s166	akevraba	1	0	0	1
	akvraba	0	1	1	0
ake-vvaba$$$p2$s167	akevvaba	1	0	0	1
	akvvaba	0	1	1	0
ake-taba$$$p2$s168	aketaba	0	0	0	1
	aktaba	1	0	1	0
ake-ttaba$$$p2$s169	akettaba	1	0	0	1
	akttaba	0	1	1	0
ake-saba$$$p2$s170	akesaba	0	0	0	1
	aksaba	1	0	1	0
ake-tsaba$$$p2$s171	aketsaba	1	0	0	1
	aktsaba	0	1	1	0
ake-naba$$$p2$s172	akenaba	0	0	0	1
	aknaba	1	0	1	0
ake-tnaba$$$p2$s173	aketnaba	1	0	0	1
	aktnaba	0	1	1	0
ake-laba$$$p2$s174	akelaba	0	0	0	1
	aklaba	1	0	1	0
ake-tlaba$$$p2$s175	aketlaba	1	0	0	1
	aktlaba	0	1	1	0
ake-raba$$$p2$s176	akeraba	0	0	0	1
	akraba	1	0	1	0
ake-traba$$$p2$s177	aketraba	1	0	0	1
	aktraba	0	1	1	0
ake-vaba$$$p2$s178	akevaba	0	0	0	1
	akvaba	1	0	1	0
ake-tvaba$$$p2$s179	aketvaba	1	0	0	1
	aktvaba	0	1	1	0
ake-staba$$$p2$s180	akestaba	1	0	0	1
	akstaba	0	1	1	0
ake-ssaba$$$p2$s181	akessaba	1	0	0	1
	akssaba	0	1	1	0
ake-snaba$$$p2$s182	akesnaba	1	0	0	1
	aksnaba	0	1	1	0
ake-slaba$$$p2$s183	akeslaba	1	0	0	1
	akslaba	0	1	1	0
ake-sraba$$$p2$s184	akesraba	1	0	0	1
	aksraba	0	1	1	0
ake-svaba$$$p2$s185	akesvaba	1	0	0	1
	aksvaba	0	1	1	0
ake-ntaba$$$p2$s186	akentaba	1	0	0	1
	akntaba	0	1	1	0
ake-nsaba$$$p2$s187	akensaba	1	0	0	1
	aknsaba	0	1	1	0
ake-nnaba$$$p2$s188	akennaba	1	0	0	1
	aknnaba	0	1	1	0
ake-nlaba$$$p2$s189	akenlaba	1	0	0	1
	aknlaba	0	1	1	0
ake-nraba$$$p2$s190	akenraba	1	0	0	1
	aknraba	0	1	1	0
ake-nvaba$$$p2$s191	akenvaba	1	0	0	1
	aknvaba	0	1	1	0
ake-ltaba$$$p2$s192	akeltaba	1	0	0	1
	akltaba	0	1	1	0
ake-lsaba$$$p2$s193	akelsaba	1	0	0	1
	aklsaba	0	1	1	0
ake-lnaba$$$p2$s194	akelnaba	1	0	0	1
	aklnaba	0	1	1	0
ake-llaba$$$p2$s195	akellaba	1	0	0	1
	akllaba	0	1	1	0
ake-lraba$$$p2$s196	akelraba	1	0	0	1
	aklraba	0	1	1	0
ake-lvaba$$$p2$s197	akelvaba	1	0	0	1
	aklvaba	0	1	1	0
ake-rtaba$$$p2$s198	akertaba	1	0	0	1
	akrtaba	0	1	1	0
ake-rsaba$$$p2$s199	akersaba	1	0	0	1
	akrsaba	0	1	1	0
ake-rnaba$$$p2$s200	akernaba	1	0	0	1
	akrnaba	0	1	1	0
ake-rlaba$$$p2$s201	akerlaba	1	0	0	1
	akrlaba	0	1	1	0
ake-rraba$$$p2$s202	akerraba	1	0	0	1
	akrraba	0	1	1	0
ake-rvaba$$$p2$s203	akervaba	1	0	0	1
	akrvaba	0	1	1	0
ake-vtaba$$$p2$s204	akevtaba	1	0	0	1
	akvtaba	0	1	1	0
ake-vsaba$$$p2$s205	akevsaba	1	0	0	1
	akvsaba	0	1	1	0
ake-vnaba$$$p2$s206	akevnaba	1	0	0	1
	akvnaba	0	1	1	0
ake-vlaba$$$p2$s207	akevlaba	1	0	0	1
	akvlaba	0	1	1	0
ake-vraba$$$p2$s208	akevraba	1	0	0	1
	akvraba	0	1	1	0
ake-vvaba$$$p2$s209	akevvaba	1	0	0	1
	akvvaba	0	1	1	0
ake-taba$$$p2$s210	aketaba	0	0	0	1
	aktaba	1	0	1	0
ake-ttaba$$$p2$s211	akettaba	1	0	0	1
	akttaba	0	1	1	0
ake-saba$$$p2$s212	akesaba	0	0	0	1
	aksaba	1	0	1	0
ake-tsaba$$$p2$s213	aketsaba	1	0	0	1
	aktsaba	0	1	1	0
ake-naba$$$p2$s214	akenaba	0	0	0	1
	aknaba	1	0	1	0
ake-tnaba$$$p2$s215	aketnaba	1	0	0	1
	aktnaba	0	1	1	0
ake-laba$$$p2$s216	akelaba	0	0	0	1
	aklaba	1	0	1	0
ake-tlaba$$$p2$s217	aketlaba	1	0	0	1
	aktlaba	0	1	1	0
ake-raba$$$p2$s218	akeraba	0	0	0	1
	akraba	1	0	1	0
ake-traba$$$p2$s219	aketraba	1	0	0	1
	aktraba	0	1	1	0
ake-vaba$$$p2$s220	akevaba	0	0	0	1
	akvaba	1	0	1	0
ake-tvaba$$$p2$s221	aketvaba	1	0	0	1
	aktvaba	0	1	1	0
ake-staba$$$p2$s222	akestaba	1	0	0	1
	akstaba	0	1	1	0
ake-ssaba$$$p2$s223	akessaba	1	0	0	1
	akssaba	0	1	1	0
ake-snaba$$$p2$s224	akesnaba	1	0	0	1
	aksnaba	0	1	1	0
ake-slaba$$$p2$s225	akeslaba	1	0	0	1
	akslaba	0	1	1	0
ake-sraba$$$p2$s226	akesraba	1	0	0	1
	aksraba	0	1	1	0
ake-svaba$$$p2$s227	akesvaba	1	0	0	1
	aksvaba	0	1	1	0
ake-ntaba$$$p2$s228	akentaba	1	0	0	1
	akntaba	0	1	1	0
ake-nsaba$$$p2$s229	akensaba	1	0	0	1
	aknsaba	0	1	1	0
ake-nnaba$$$p2$s230	akennaba	1	0	0	1
	aknnaba	0	1	1	0
ake-nlaba$$$p2$s231	akenlaba	1	0	0	1
	aknlaba	0	1	1	0
ake-nraba$$$p2$s232	akenraba	1	0	0	1
	aknraba	0	1	1	0
ake-nvaba$$$p2$s233	akenvaba	1	0	0	1
	aknvaba	0	1	1	0
ake-ltaba$$$p2$s234	akeltaba	1	0	0	1
	akltaba	0	1	1	0
ake-lsaba$$$p2$s235	akelsaba	1	0	0	1
	aklsaba	0	1	1	0
ake-lnaba$$$p2$s236	akelnaba	1	0	0	1
	aklnaba	0	1	1	0
ake-llaba$$$p2$s237	akellaba	1	0	0	1
	akllaba	0	1	1	0
ake-lraba$$$p2$s238	akelraba	1	0	0	1
	aklraba	0	1	1	0
ake-lvaba$$$p2$s239	akelvaba	1	0	0	1
	aklvaba	0	1	1	0
ake-rtaba$$$p2$s240	akertaba	1	0	0	1
	akrtaba	0	1	1	0
ake-rsaba$$$p2$s241	akersaba	1	0	0	1
	akrsaba	0	1	1	0
ake-rnaba$$$p2$s242	akernaba	1	0	0	1
	akrnaba	0	1	1	0
ake-rlaba$$$p2$s243	akerlaba	1	0	0	1
	akrlaba	0	1	1	0
ake-rraba$$$p2$s244	akerraba	1	0	0	1
	akrraba	0	1	1	0
ake-rvaba$$$p2$s245	akervaba	1	0	0	1
	akrvaba	0	1	1	0
ake-vtaba$$$p2$s246	akevtaba	1	0	0	1
	akvtaba	0	1	1	0
ake-vsaba$$$p2$s247	akevsaba	1	0	0	1
	akvsaba	0	1	1	0
ake-vnaba$$$p2$s248	akevnaba	1	0	0	1
	akvnaba	0	1	1	0
ake-vlaba$$$p2$s249	akevlaba	1	0	0	1
	akvlaba	0	1	1	0
ake-vraba$$$p2$s250	akevraba	1	0	0	1
	akvraba	0	1	1	0
ake-vvaba$$$p2$s251	akevvaba	1	0	0	1
	akvvaba	0	1	1	0
ake-taba$$$p2$s252	aketaba	0	0	0	1
	aktaba	1	0	1	0
ake-ttaba$$$p2$s253	akettaba	1	0	0	1
	akttaba	0	1	1	0
ake-saba$$$p2$s254	akesaba	0	0	0	1
	aksaba	1	0	1	0
ake-tsaba$$$p2$s255	aketsaba	1	0	0	1
	aktsaba	0	1	1	0
ake-naba$$$p2$s256	akenaba	0	0	0	1
	aknaba	1	0	1	0
ake-tnaba$$$p2$s257	aketnaba	1	0	0	1
	aktnaba	0	1	1	0
ake-laba$$$p2$s258	akelaba	0	0	0	1
	aklaba	1	0	1	0
ake-tlaba$$$p2$s259	aketlaba	1	0	0	1
	aktlaba	0	1	1	0
ake-raba$$$p2$s260	akeraba	0	0	0	1
	akraba	1	0	1	0
ake-traba$$$p2$s261	aketraba	1	0	0	1
	aktraba	0	1	1	0
ake-vaba$$$p2$s262	akevaba	0	0	0	1
	akvaba	1	0	1	0
ake-tvaba$$$p2$s263	aketvaba	1	0	0	1
	aktvaba	0	1	1	0
ake-staba$$$p2$s264	akestaba	1	0	0	1
	akstaba	0	1	1	0
ake-ssaba$$$p2$s265	akessaba	1	0	0	1
	akssaba	0	1	1	0
ake-snaba$$$p2$s266	akesnaba	1	0	0	1
	aksnaba	0	1	1	0
ake-slaba$$$p2$s267	akeslaba	1	0	0	1
	akslaba	0	1	1	0
ake-sraba$$$p2$s268	akesraba	1	0	0	1
	aksraba	0	1	1	0
ake-svaba$$$p2$s269	akesvaba	1	0	0	1
	aksvaba	0	1	1	0
ake-ntaba$$$p2$s270	akentaba	1	0	0	1
	akntaba	0	1	1	0
ake-nsaba$$$p2$s271	akensaba	1	0	0	1
	aknsaba	0	1	1	0
ake-nnaba$$$p2$s272	akennaba	1	0	0	1
	aknnaba	0	1	1	0
ake-nlaba$$$p2$s273	akenlaba	1	0	0	1
	aknlaba	0	1	1	0
ake-nraba$$$p2$s274	akenraba	1	0	0	1
	aknraba	0	1	1	0
ake-nvaba$$$p2$s275	akenvaba	1	0	0	1
	aknvaba	0	1	1	0
ake-ltaba$$$p2$s276	akeltaba	1	0	0	1
	akltaba	0	1	1	0
ake-lsaba$$$p2$s277	akelsaba	1	0	0	1
	aklsaba	0	1	1	0
ake-lnaba$$$p2$s278	akelnaba	1	0	0	1
	aklnaba	0	1	1	0
ake-llaba$$$p2$s279	akellaba	1	0	0	1
	akllaba	0	1	1	0
ake-lraba$$$p2$s280	akelraba	1	0	0	1
	aklraba	0	1	1	0
ake-lvaba$$$p2$s281	akelvaba	1	0	0	1
	aklvaba	0	1	1	0
ake-rtaba$$$p2$s282	akertaba	1	0	0	1
	akrtaba	0	1	1	0
ake-rsaba$$$p2$s283	akersaba	1	0	0	1
	akrsaba	0	1	1	0
ake-rnaba$$$p2$s284	akernaba	1	0	0	1
	akrnaba	0	1	1	0
ake-rlaba$$$p2$s285	akerlaba	1	0	0	1
	akrlaba	0	1	1	0
ake-rraba$$$p2$s286	akerraba	1	0	0	1
	akrraba	0	1	1	0
ake-rvaba$$$p2$s287	akervaba	1	0	0	1
	akrvaba	0	1	1	0
ake-vtaba$$$p2$s288	akevtaba	1	0	0	1
	akvtaba	0	1	1	0
ake-vsaba$$$p2$s289	akevsaba	1	0	0	1
	akvsaba	0	1	1	0
ake-vnaba$$$p2$s290	akevnaba	1	0	0	1
	akvnaba	0	1	1	0
ake-vlaba$$$p2$s291	akevlaba	1	0	0	1
	akvlaba	0	1	1	0
ake-vraba$$$p2$s292	akevraba	1	0	0	1
	akvraba	0	1	1	0
ake-vvaba$$$p2$s293	akevvaba	1	0	0	1
	akvvaba	0	1	1	0
ake-taba$$$p2$s294	aketaba	0	0	0	1
	aktaba	1	0	1	0
ake-ttaba$$$p2$s295	akettaba	1	0	0	1
	akttaba	0	1	1	0
ake-saba$$$p2$s296	akesaba	0	0	0	1
	aksaba	1	0	1	0
ake-tsaba$$$p2$s297	aketsaba	1	0	0	1
	aktsaba	0	1	1	0
ake-naba$$$p2$s298	akenaba	0	0	0	1
	aknaba	1	0	1	0
ake-tnaba$$$p2$s299	aketnaba	1	0	0	1
	aktnaba	0	1	1	0
ake-laba$$$p2$s300	akelaba	0	0	0	1
	aklaba	1	0	1	0
ake-tlaba$$$p2$s301	aketlaba	1	0	0	1
	aktlaba	0	1	1	0
ake-raba$$$p2$s302	akeraba	0	0	0	1
	akraba	1	0	1	0
ake-traba$$$p2$s303	aketraba	1	0	0	1
	aktraba	0	1	1	0
ake-vaba$$$p2$s304	akevaba	0	0	0	1
	akvaba	1	0	1	0
ake-tvaba$$$p2$s305	aketvaba	1	0	0	1
	aktvaba	0	1	1	0
ake-staba$$$p2$s306	akestaba	1	0	0	1
	akstaba	0	1	1	0
ake-ssaba$$$p2$s307	akessaba	1	0	0	1
	akssaba	0	1	1	0
ake-snaba$$$p2$s308	akesnaba	1	0	0	1
	aksnaba	0	1	1	0
ake-slaba$$$p2$s309	akeslaba	1	0	0	1
	akslaba	0	1	1	0
ake-sraba$$$p2$s310	akesraba	1	0	0	1
	aksraba	0	1	1	0
ake-svaba$$$p2$s311	akesvaba	1	0	0	1
	aksvaba	0	1	1	0
ake-ntaba$$$p2$s312	akentaba	1	0	0	1
	akntaba	0	1	1	0
ake-nsaba$$$p2$s313	akensaba	1	0	0	1
	aknsaba	0	1	1	0
ake-nnaba$$$p2$s314	akennaba	1	0	0	1
	aknnaba	0	1	1	0
ake-nlaba$$$p2$s315	akenlaba	1	0	0	1
	aknlaba	0	1	1	0
ake-nraba$$$p2$s316	akenraba	1	0	0	1
	aknraba	0	1	1	0
ake-nvaba$$$p2$s317	akenvaba	1	0	0	1
	aknvaba	0	1	1	0
ake-ltaba$$$p2$s318	akeltaba	1	0	0	1
	akltaba	0	1	1	0
ake-lsaba$$$p2$s319	akelsaba	1	0	0	1
	aklsaba	0	1	1	0
ake-lnaba$$$p2$s320	akelnaba	1	0	0	1
	aklnaba	0	1	1	0
ake-llaba$$$p2$s321	akellaba	1	0	0	1
	akllaba	0	1	1	0
ake-lraba$$$p2$s322	akelraba	1	0	0	1
	aklraba	0	1	1	0
ake-lvaba$$$p2$s323	akelvaba	1	0	0	1
	aklvaba	0	1	1	0
ake-rtaba$$$p2$s324	akertaba	1	0	0	1
	akrtaba	0	1	1	0
ake-rsaba$$$p2$s325	akersaba	1	0	0	1
	akrsaba	0	1	1	0
ake-rnaba$$$p2$s326	akernaba	1	0	0	1
	akrnaba	0	1	1	0
ake-rlaba$$$p2$s327	akerlaba	1	0	0	1
	akrlaba	0	1	1	0
ake-rraba$$$p2$s328	akerraba	1	0	0	1
	akrraba	0	1	1	0
ake-rvaba$$$p2$s329	akervaba	1	0	0	1
	akrvaba	0	1	1	0
ake-vtaba$$$p2$s330	akevtaba	1	0	0	1
	akvtaba	0	1	1	0
ake-vsaba$$$p2$s331	akevsaba	1	0	0	1
	akvsaba	0	1	1	0
ake-vnaba$$$p2$s332	akevnaba	1	0	0	1
	akvnaba	0	1	1	0
ake-vlaba$$$p2$s333	akevlaba	1	0	0	1
	akvlaba	0	1	1	0
ake-vraba$$$p2$s334	akevraba	1	0	0	1
	akvraba	0	1	1	0
ake-vvaba$$$p2$s335	akevvaba	1	0	0	1
	akvvaba	0	1	1	0
ake-taba$$$p2$s336	aketaba	0	0	0	1
	aktaba	1	0	1	0
ake-ttaba$$$p2$s337	akettaba	1	0	0	1
	akttaba	0	1	1	0
ake-saba$$$p2$s338	akesaba	0	0	0	1
	aksaba	1	0	1	0
ake-tsaba$$$p2$s339	aketsaba	1	0	0	1
	aktsaba	0	1	1	0
ake-naba$$$p2$s340	akenaba	0	0	0	1
	aknaba	1	0	1	0
ake-tnaba$$$p2$s341	aketnaba	1	0	0	1
	aktnaba	0	1	1	0
ake-laba$$$p2$s342	akelaba	0	0	0	1
	aklaba	1	0	1	0
ake-tlaba$$$p2$s343	aketlaba	1	0	0	1
	aktlaba	0	1	1	0
ake-raba$$$p2$s344	akeraba	0	0	0	1
	akraba	1	0	1	0
ake-traba$$$p2$s345	aketraba	1	0	0	1
	aktraba	0	1	1	0
ake-vaba$$$p2$s346	akevaba	0	0	0	1
	akvaba	1	0	1	0
ake-tvaba$$$p2$s347	aketvaba	1	0	0	1
	aktvaba	0	1	1	0
ake-staba$$$p2$s348	akestaba	1	0	0	1
	akstaba	0	1	1	0
ake-ssaba$$$p2$s349	akessaba	1	0	0	1
	akssaba	0	1	1	0
ake-snaba$$$p2$s350	akesnaba	1	0	0	1
	aksnaba	0	1	1	0
ake-slaba$$$p2$s351	akeslaba	1	0	0	1
	akslaba	0	1	1	0
ake-sraba$$$p2$s352	akesraba	1	0	0	1
	aksraba	0	1	1	0
ake-svaba$$$p2$s353	akesvaba	1	0	0	1
	aksvaba	0	1	1	0
ake-ntaba$$$p2$s354	akentaba	1	0	0	1
	akntaba	0	1	1	0
ake-nsaba$$$p2$s355	akensaba	1	0	0	1
	aknsaba	0	1	1	0
ake-nnaba$$$p2$s356	akennaba	1	0	0	1
	aknnaba	0	1	1	0
ake-nlaba$$$p2$s357	akenlaba	1	0	0	1
	aknlaba	0	1	1	0
ake-nraba$$$p2$s358	akenraba	1	0	0	1
	aknraba	0	1	1	0
ake-nvaba$$$p2$s359	akenvaba	1	0	0	1
	aknvaba	0	1	1	0
ake-ltaba$$$p2$s360	akeltaba	1	0	0	1
	akltaba	0	1	1	0
ake-lsaba$$$p2$s361	akelsaba	1	0	0	1
	aklsaba	0	1	1	0
ake-lnaba$$$p2$s362	akelnaba	1	0	0	1
	aklnaba	0	1	1	0
ake-llaba$$$p2$s363	akellaba	1	0	0	1
	akllaba	0	1	1	0
ake-lraba$$$p2$s364	akelraba	1	0	0	1
	aklraba	0	1	1	0
ake-lvaba$$$p2$s365	akelvaba	1	0	0	1
	aklvaba	0	1	1	0
ake-rtaba$$$p2$s366	akertaba	1	0	0	1
	akrtaba	0	1	1	0
ake-rsaba$$$p2$s367	akersaba	1	0	0	1
	akrsaba	0	1	1	0
ake-rnaba$$$p2$s368	akernaba	1	0	0	1
	akrnaba	0	1	1	0
ake-rlaba$$$p2$s369	akerlaba	1	0	0	1
	akrlaba	0	1	1	0
ake-rraba$$$p2$s370	akerraba	1	0	0	1
	akrraba	0	1	1	0
ake-rvaba$$$p2$s371	akervaba	1	0	0	1
	akrvaba	0	1	1	0
ake-vtaba$$$p2$s372	akevtaba	1	0	0	1
	akvtaba	0	1	1	0
ake-vsaba$$$p2$s373	akevsaba	1	0	0	1
	akvsaba	0	1	1	0
ake-vnaba$$$p2$s374	akevnaba	1	0	0	1
	akvnaba	0	1	1	0
ake-vlaba$$$p2$s375	akevlaba	1	0	0	1
	akvlaba	0	1	1	0
ake-vraba$$$p2$s376	akevraba	1	0	0	1
	akvraba	0	1	1	0
ake-vvaba$$$p2$s377	akevvaba	1	0	0	1
	akvvaba	0	1	1	0
ake-taba$$$p2$s378	aketaba	0	0	0	1
	aktaba	1	0	1	0
ake-ttaba$$$p2$s379	akettaba	1	0	0	1
	akttaba	0	1	1	0
ake-saba$$$p2$s380	akesaba	0	0	0	1
	aksaba	1	0	1	0
ake-tsaba$$$p2$s381	aketsaba	1	0	0	1
	aktsaba	0	1	1	0
ake-naba$$$p2$s382	akenaba	0	0	0	1
	aknaba	1	0	1	0
ake-tnaba$$$p2$s383	aketnaba	1	0	0	1
	aktnaba	0	1	1	0
ake-laba$$$p2$s384	akelaba	0	0	0	1
	aklaba	1	0	1	0
ake-tlaba$$$p2$s385	aketlaba	1	0	0	1
	aktlaba	0	1	1	0
ake-raba$$$p2$s386	akeraba	0	0	0	1
	akraba	1	0	1	0
ake-traba$$$p2$s387	aketraba	1	0	0	1
	aktraba	0	1	1	0
ake-vaba$$$p2$s388	akevaba	0	0	0	1
	akvaba	1	0	1	0
ake-tvaba$$$p2$s389	aketvaba	1	0	0	1
	aktvaba	0	1	1	0
ake-staba$$$p2$s390	akestaba	1	0	0	1
	akstaba	0	1	1	0
ake-ssaba$$$p2$s391	akessaba	1	0	0	1
	akssaba	0	1	1	0
ake-snaba$$$p2$s392	akesnaba	1	0	0	1
	aksnaba	0	1	1	0
ake-slaba$$$p2$s393	akeslaba	1	0	0	1
	akslaba	0	1	1	0
ake-sraba$$$p2$s394	akesraba	1	0	0	1
	aksraba	0	1	1	0
ake-svaba$$$p2$s395	akesvaba	1	0	0	1
	aksvaba	0	1	1	0
ake-ntaba$$$p2$s396	akentaba	1	0	0	1
	akntaba	0	1	1	0
ake-nsaba$$$p2$s397	akensaba	1	0	0	1
	aknsaba	0	1	1	0
ake-nnaba$$$p2$s398	akennaba	1	0	0	1
	aknnaba	0	1	1	0
ake-nlaba$$$p2$s399	akenlaba	1	0	0	1
	aknlaba	0	1	1	0
ake-nraba$$$p2$s400	akenraba	1	0	0	1
	aknraba	0	1	1	0
ake-nvaba$$$p2$s401	akenvaba	1	0	0	1
	aknvaba	0	1	1	0
ake-ltaba$$$p2$s402	akeltaba	1	0	0	1
	akltaba	0	1	1	0
ake-lsaba$$$p2$s403	akelsaba	1	0	0	1
	aklsaba	0	1	1	0
ake-lnaba$$$p2$s404	akelnaba	1	0	0	1
	aklnaba	0	1	1	0
ake-llaba$$$p2$s405	akellaba	1	0	0	1
	akllaba	0	1	1	0
ake-lraba$$$p2$s406	akelraba	1	0	0	1
	aklraba	0	1	1	0
ake-lvaba$$$p2$s407	akelvaba	1	0	0	1
	aklvaba	0	1	1	0
ake-rtaba$$$p2$s408	akertaba	1	0	0	1
	akrtaba	0	1	1	0
ake-rsaba$$$p2$s409	akersaba	1	0	0	1
	akrsaba	0	1	1	0
ake-rnaba$$$p2$s410	akernaba	1	0	0	1
	akrnaba	0	1	1	0
ake-rlaba$$$p2$s411	akerlaba	1	0	0	1
	akrlaba	0	1	1	0
ake-rraba$$$p2$s412	akerraba	1	0	0	1
	akrraba	0	1	1	0
ake-rvaba$$$p2$s413	akervaba	1	0	0	1
	akrvaba	0	1	1	0
ake-vtaba$$$p2$s414	akevtaba	1	0	0	1
	akvtaba	0	1	1	0
ake-vsaba$$$p2$s415	akevsaba	1	0	0	1
	akvsaba	0	1	1	0
ake-vnaba$$$p2$s416	akevnaba	1	0	0	1
	akvnaba	0	1	1	0
ake-vlaba$$$p2$s417	akevlaba	1	0	0	1
	akvlaba	0	1	1	0
ake-vraba$$$p2$s418	akevraba	1	0	0	1
	akvraba	0	1	1	0
ake-vvaba$$$p2$s419	akevvaba	1	0	0	1
	akvvaba	0	1	1	0
